Date,AAPL,T,LMT,XOM,,,,,,,,,,
1/2/2015 16:00:00,27.33,25.56,193.31,92.83,,,,,,,,,,
1/5/2015 16:00:00,26.56,25.32,189.29,90.29,,,,,,,,,,
1/6/2015 16:00:00,26.57,25.36,188.4,89.81,,,,,,,,,,
1/7/2015 16:00:00,26.94,25.03,190.83,90.72,,,,,,,,,,
1/8/2015 16:00:00,27.97,25.28,195.13,92.23,,,,,,,,,,
1/9/2015 16:00:00,28,25.21,195.02,92.1,,,,,,,,,,
1/12/2015 16:00:00,27.31,25.27,194.47,90.33,,,,,,,,,,
1/13/2015 16:00:00,27.56,25.27,194.35,90,,,,,,,,,,
1/14/2015 16:00:00,27.45,25.15,193.23,89.74,,,,,,,,,,
1/15/2015 16:00:00,26.71,25.1,192.37,88.96,,,,,,,,,,
1/16/2015 16:00:00,26.5,25.51,194.71,91.12,,,,,,,,,,
1/20/2015 16:00:00,27.18,25.62,195.75,91.09,,,,,,,,,,
1/21/2015 16:00:00,27.39,25.66,195.5,91.87,,,,,,,,,,
1/22/2015 16:00:00,28.1,25.5,198.09,92.87,,,,,,,,,,
1/23/2015 16:00:00,28.25,25.18,197.44,90.89,,,,,,,,,,
1/26/2015 16:00:00,28.28,25.04,195.68,91.76,,,,,,,,,,
1/27/2015 16:00:00,27.29,24.76,190.55,90.95,,,,,,,,,,
1/28/2015 16:00:00,28.83,24.66,189.25,87.95,,,,,,,,,,
1/29/2015 16:00:00,29.73,24.87,192.5,87.58,,,,,,,,,,
1/30/2015 16:00:00,29.29,24.84,188.37,87.42,,,,,,,,,,
2/2/2015 16:00:00,29.66,25.33,189.33,89.58,,,,,,,,,,
2/3/2015 16:00:00,29.66,25.92,192,92.25,,,,,,,,,,
2/4/2015 16:00:00,29.89,25.97,192.28,91.46,,,,,,,,,,
2/5/2015 16:00:00,29.99,26.07,194.06,92.36,,,,,,,,,,
2/6/2015 16:00:00,29.73,26.32,195.24,91.5,,,,,,,,,,
2/9/2015 16:00:00,29.93,26.14,193.02,91.56,,,,,,,,,,
2/10/2015 16:00:00,30.51,26.3,195.67,91.01,,,,,,,,,,
2/11/2015 16:00:00,31.22,25.95,196.31,90.6,,,,,,,,,,
2/12/2015 16:00:00,31.62,26.12,197.48,92.37,,,,,,,,,,
2/13/2015 16:00:00,31.77,26.16,196.95,93.37,,,,,,,,,,
2/17/2015 16:00:00,31.96,26.2,197.57,93.05,,,,,,,,,,
2/18/2015 16:00:00,32.18,26.03,198.57,91.01,,,,,,,,,,
2/19/2015 16:00:00,32.11,25.73,201.71,89.44,,,,,,,,,,
2/20/2015 16:00:00,32.37,25.72,203.99,89.92,,,,,,,,,,
2/23/2015 16:00:00,33.25,25.55,205.59,89.01,,,,,,,,,,
2/24/2015 16:00:00,33.04,25.7,206.62,89.42,,,,,,,,,,
2/25/2015 16:00:00,32.2,25.82,204.86,89.6,,,,,,,,,,
2/26/2015 16:00:00,32.6,26.04,201.33,88.65,,,,,,,,,,
2/27/2015 16:00:00,32.12,26.08,200.05,88.54,,,,,,,,,,
3/2/2015 16:00:00,32.27,26.14,203.02,88.04,,,,,,,,,,
3/3/2015 16:00:00,32.34,25.97,199.93,87.62,,,,,,,,,,
3/4/2015 16:00:00,32.14,25.66,198.97,87.18,,,,,,,,,,
3/5/2015 16:00:00,31.6,25.66,199.1,86.74,,,,,,,,,,
3/6/2015 16:00:00,31.65,25.27,197.66,85.63,,,,,,,,,,
3/9/2015 16:00:00,31.79,25.17,199.74,85.16,,,,,,,,,,
3/10/2015 16:00:00,31.13,24.74,197.58,84.26,,,,,,,,,,
3/11/2015 16:00:00,30.56,24.62,197.21,84.02,,,,,,,,,,
3/12/2015 16:00:00,31.11,25,198.78,84.22,,,,,,,,,,
3/13/2015 16:00:00,30.9,24.72,197.11,83.87,,,,,,,,,,
3/16/2015 16:00:00,31.24,24.95,202.11,84.76,,,,,,,,,,
3/17/2015 16:00:00,31.76,24.83,200.67,84.08,,,,,,,,,,
3/18/2015 16:00:00,32.12,25.35,202.6,86.07,,,,,,,,,,
3/19/2015 16:00:00,31.87,25.06,202.19,84.41,,,,,,,,,,
3/20/2015 16:00:00,31.48,25.08,203.77,84.54,,,,,,,,,,
3/23/2015 16:00:00,31.8,25.12,202.92,85.43,,,,,,,,,,
3/24/2015 16:00:00,31.67,24.96,203.3,84.52,,,,,,,,,,
3/25/2015 16:00:00,30.85,24.62,199.02,84.86,,,,,,,,,,
3/26/2015 16:00:00,31.06,24.77,200.56,84.32,,,,,,,,,,
3/27/2015 16:00:00,30.81,24.72,202.23,83.58,,,,,,,,,,
3/30/2015 16:00:00,31.59,24.88,204.89,85.63,,,,,,,,,,
3/31/2015 16:00:00,31.11,24.64,202.96,85,,,,,,,,,,
4/1/2015 16:00:00,31.06,24.82,198.76,84.46,,,,,,,,,,
4/2/2015 16:00:00,31.33,25,198.72,84.3,,,,,,,,,,
4/6/2015 16:00:00,31.84,25.15,200.53,85.13,,,,,,,,,,
4/7/2015 16:00:00,31.5,25.03,200.15,85.75,,,,,,,,,,
4/8/2015 16:00:00,31.4,24.64,200.81,84.06,,,,,,,,,,
4/9/2015 16:00:00,31.64,24.67,201.44,84.65,,,,,,,,,,
4/10/2015 16:00:00,31.78,24.73,200.4,85.56,,,,,,,,,,
4/13/2015 16:00:00,31.71,24.81,197.05,85.34,,,,,,,,,,
4/14/2015 16:00:00,31.58,24.67,197.34,86.63,,,,,,,,,,
4/15/2015 16:00:00,31.7,24.82,197.21,88.08,,,,,,,,,,
4/16/2015 16:00:00,31.54,24.72,197.12,87.73,,,,,,,,,,
4/17/2015 16:00:00,31.19,24.54,194.82,86.93,,,,,,,,,,
4/20/2015 16:00:00,31.9,24.78,196.8,87.24,,,,,,,,,,
4/21/2015 16:00:00,31.73,24.65,196.29,86.88,,,,,,,,,,
4/22/2015 16:00:00,32.16,24.8,197.63,87.46,,,,,,,,,,
4/23/2015 16:00:00,32.42,25.83,197.2,87.54,,,,,,,,,,
4/24/2015 16:00:00,32.57,25.67,195.37,86.97,,,,,,,,,,
4/27/2015 16:00:00,33.16,25.73,193.84,87.01,,,,,,,,,,
4/28/2015 16:00:00,32.64,26.31,194.02,87.8,,,,,,,,,,
4/29/2015 16:00:00,32.16,26.23,191.29,87.87,,,,,,,,,,
4/30/2015 16:00:00,31.29,26.14,186.6,87.37,,,,,,,,,,
5/1/2015 16:00:00,32.24,25.98,189,88.85,,,,,,,,,,
5/4/2015 16:00:00,32.17,26.06,189.69,89.11,,,,,,,,,,
5/5/2015 16:00:00,31.45,25.45,187.35,88.61,,,,,,,,,,
5/6/2015 16:00:00,31.25,25.19,186.83,88.19,,,,,,,,,,
5/7/2015 16:00:00,31.32,25.18,188.21,87.6,,,,,,,,,,
5/8/2015 16:00:00,31.91,25.43,190.48,88.99,,,,,,,,,,
5/11/2015 16:00:00,31.58,25.27,190.47,86.78,,,,,,,,,,
5/12/2015 16:00:00,31.47,25.4,190.61,87.02,,,,,,,,,,
5/13/2015 16:00:00,31.5,25.58,191,86.56,,,,,,,,,,
5/14/2015 16:00:00,32.24,25.76,193.05,86.97,,,,,,,,,,
5/15/2015 16:00:00,32.19,25.91,192.36,87.35,,,,,,,,,,
5/18/2015 16:00:00,32.55,26.32,193.08,86.85,,,,,,,,,,
5/19/2015 16:00:00,32.52,25.94,193.38,86.99,,,,,,,,,,
5/20/2015 16:00:00,32.52,26.13,193.25,87.13,,,,,,,,,,
5/21/2015 16:00:00,32.85,26.47,193.11,87.21,,,,,,,,,,
5/22/2015 16:00:00,33.14,26.2,192.86,86.52,,,,,,,,,,
5/26/2015 16:00:00,32.41,26.17,190.51,85.35,,,,,,,,,,
5/27/2015 16:00:00,33.01,26.38,191.35,85.11,,,,,,,,,,
5/28/2015 16:00:00,32.95,26.26,190.12,85.11,,,,,,,,,,
5/29/2015 16:00:00,32.57,26.07,188.2,85.2,,,,,,,,,,
6/1/2015 16:00:00,32.63,25.92,191.07,85.13,,,,,,,,,,
6/2/2015 16:00:00,32.49,25.93,190.77,85.14,,,,,,,,,,
6/3/2015 16:00:00,32.53,26.44,191.89,84.95,,,,,,,,,,
6/4/2015 16:00:00,32.34,26.62,190.17,84.22,,,,,,,,,,
6/5/2015 16:00:00,32.16,26.09,189.33,84.28,,,,,,,,,,
6/8/2015 16:00:00,31.95,26.1,189.37,84.85,,,,,,,,,,
6/9/2015 16:00:00,31.86,26.04,189.35,84.58,,,,,,,,,,
6/10/2015 16:00:00,32.22,26.2,189.28,85.21,,,,,,,,,,
6/11/2015 16:00:00,32.15,26.32,191.48,85.09,,,,,,,,,,
6/12/2015 16:00:00,31.79,26.15,190.98,84.02,,,,,,,,,,
6/15/2015 16:00:00,31.73,25.97,189.92,83.72,,,,,,,,,,
6/16/2015 16:00:00,31.9,26.17,190.82,84.68,,,,,,,,,,
6/17/2015 16:00:00,31.83,26.26,191.02,84.73,,,,,,,,,,
6/18/2015 16:00:00,31.97,26.43,192.75,85.48,,,,,,,,,,
6/19/2015 16:00:00,31.65,26.41,191.14,85.21,,,,,,,,,,
6/22/2015 16:00:00,31.9,26.44,192.08,85.17,,,,,,,,,,
6/23/2015 16:00:00,31.76,27.1,191.64,85.07,,,,,,,,,,
6/24/2015 16:00:00,32.03,27,190.17,84.68,,,,,,,,,,
6/25/2015 16:00:00,31.88,27.3,189.99,83.93,,,,,,,,,,
6/26/2015 16:00:00,31.69,27.26,188.64,83.86,,,,,,,,,,
6/29/2015 16:00:00,31.13,27,185.52,82.82,,,,,,,,,,
6/30/2015 16:00:00,31.36,26.81,185.9,83.2,,,,,,,,,,
7/1/2015 16:00:00,31.65,26.84,188.17,82.37,,,,,,,,,,
7/2/2015 16:00:00,31.61,26.97,187.3,83.14,,,,,,,,,,
7/6/2015 16:00:00,31.5,26.87,187.99,82.53,,,,,,,,,,
7/7/2015 16:00:00,31.42,27,190.16,82.87,,,,,,,,,,
7/8/2015 16:00:00,30.64,26.26,190.05,81.97,,,,,,,,,,
7/9/2015 16:00:00,30.02,25.95,192.13,81.6,,,,,,,,,,
7/10/2015 16:00:00,30.82,26.15,194.19,82.22,,,,,,,,,,
7/13/2015 16:00:00,31.42,26.32,197.88,82.42,,,,,,,,,,
7/14/2015 16:00:00,31.4,26.5,199.05,83.11,,,,,,,,,,
7/15/2015 16:00:00,31.71,26.21,199.41,82.76,,,,,,,,,,
7/16/2015 16:00:00,32.13,26.53,201.62,82.91,,,,,,,,,,
7/17/2015 16:00:00,32.41,26.42,201.18,82.61,,,,,,,,,,
7/20/2015 16:00:00,33.02,26.34,205.13,81.76,,,,,,,,,,
7/21/2015 16:00:00,32.69,26.09,203.15,81.66,,,,,,,,,,
7/22/2015 16:00:00,31.31,25.86,202.79,81.79,,,,,,,,,,
7/23/2015 16:00:00,31.29,25.61,202.83,81.14,,,,,,,,,,
7/24/2015 16:00:00,31.13,25.88,201.04,79.94,,,,,,,,,,
7/27/2015 16:00:00,30.69,25.9,201.17,79.26,,,,,,,,,,
7/28/2015 16:00:00,30.85,25.91,203.63,82.48,,,,,,,,,,
7/29/2015 16:00:00,30.75,26.18,208.15,83.14,,,,,,,,,,
7/30/2015 16:00:00,30.59,26.26,206.47,83.01,,,,,,,,,,
7/31/2015 16:00:00,30.33,26.22,207.1,79.21,,,,,,,,,,
8/3/2015 16:00:00,29.61,26.16,207.79,78.06,,,,,,,,,,
8/4/2015 16:00:00,28.66,26.1,209.53,77.17,,,,,,,,,,
8/5/2015 16:00:00,28.85,26.09,209.43,77.17,,,,,,,,,,
8/6/2015 16:00:00,28.78,25.84,209.26,78.09,,,,,,,,,,
8/7/2015 16:00:00,28.88,25.82,209.09,76.83,,,,,,,,,,
8/10/2015 16:00:00,29.93,26.25,210.78,78.75,,,,,,,,,,
8/11/2015 16:00:00,28.37,26.15,208.86,77.49,,,,,,,,,,
8/12/2015 16:00:00,28.81,25.67,208.78,78.79,,,,,,,,,,
8/13/2015 16:00:00,28.79,25.52,209.79,78.65,,,,,,,,,,
8/14/2015 16:00:00,28.99,25.7,211.96,78.36,,,,,,,,,,
8/17/2015 16:00:00,29.29,25.83,213.02,78.77,,,,,,,,,,
8/18/2015 16:00:00,29.13,25.92,212.67,77.9,,,,,,,,,,
8/19/2015 16:00:00,28.75,25.93,211.28,76.23,,,,,,,,,,
8/20/2015 16:00:00,28.16,25.62,209.13,74.57,,,,,,,,,,
8/21/2015 16:00:00,26.44,25.19,204.68,72.13,,,,,,,,,,
8/24/2015 16:00:00,25.78,24.43,197.46,68.72,,,,,,,,,,
8/25/2015 16:00:00,25.94,24,198.98,68.71,,,,,,,,,,
8/26/2015 16:00:00,27.42,24.67,202.12,72.5,,,,,,,,,,
8/27/2015 16:00:00,28.23,25.24,205.43,74.85,,,,,,,,,,
8/28/2015 16:00:00,28.32,25.12,203.9,75.07,,,,,,,,,,
8/31/2015 16:00:00,28.19,25.06,201.18,75.24,,,,,,,,,,
9/1/2015 16:00:00,26.93,24.39,197.62,72.08,,,,,,,,,,
9/2/2015 16:00:00,28.09,24.77,204.04,73.23,,,,,,,,,,
9/3/2015 16:00:00,27.59,24.94,205.2,73.79,,,,,,,,,,
9/4/2015 16:00:00,27.32,24.57,202.62,72.46,,,,,,,,,,
9/8/2015 16:00:00,28.08,25.01,207.01,73.5,,,,,,,,,,
9/9/2015 16:00:00,27.54,24.74,204.66,72,,,,,,,,,,
9/10/2015 16:00:00,28.14,24.72,206.15,72.52,,,,,,,,,,
9/11/2015 16:00:00,28.55,24.69,206.81,72.69,,,,,,,,,,
9/14/2015 16:00:00,28.83,24.57,206,72.49,,,,,,,,,,
9/15/2015 16:00:00,29.07,24.8,207.84,72.86,,,,,,,,,,
9/16/2015 16:00:00,29.1,24.86,207.56,74.3,,,,,,,,,,
9/17/2015 16:00:00,28.48,24.74,207.6,74.46,,,,,,,,,,
9/18/2015 16:00:00,28.36,24.57,203.31,72.68,,,,,,,,,,
9/21/2015 16:00:00,28.8,24.57,204.35,73.39,,,,,,,,,,
9/22/2015 16:00:00,28.35,24.35,203.66,72.74,,,,,,,,,,
9/23/2015 16:00:00,28.58,24.3,202.77,72.3,,,,,,,,,,
9/24/2015 16:00:00,28.75,24.23,204.76,72.73,,,,,,,,,,
9/25/2015 16:00:00,28.68,24.4,203.89,73.23,,,,,,,,,,
9/28/2015 16:00:00,28.11,24.07,200.22,72.6,,,,,,,,,,
9/29/2015 16:00:00,27.27,24.2,202.47,72.97,,,,,,,,,,
9/30/2015 16:00:00,27.58,24.59,207.31,74.35,,,,,,,,,,
10/1/2015 16:00:00,27.4,24.55,204.75,74.06,,,,,,,,,,
10/2/2015 16:00:00,27.6,24.63,206.61,75.88,,,,,,,,,,
10/5/2015 16:00:00,27.7,25.23,211.73,76.81,,,,,,,,,,
10/6/2015 16:00:00,27.83,25.14,210.4,77.89,,,,,,,,,,
10/7/2015 16:00:00,27.7,25,212.95,79.2,,,,,,,,,,
10/8/2015 16:00:00,27.38,25.21,214.37,80.03,,,,,,,,,,
10/9/2015 16:00:00,28.03,25.01,213.26,79.26,,,,,,,,,,
10/12/2015 16:00:00,27.9,25.13,214.33,79.3,,,,,,,,,,
10/13/2015 16:00:00,27.95,25.07,211.98,79.16,,,,,,,,,,
10/14/2015 16:00:00,27.55,25.11,208.15,80.16,,,,,,,,,,
10/15/2015 16:00:00,27.97,25.27,209.18,81.48,,,,,,,,,,
10/16/2015 16:00:00,27.76,25.53,209.78,82.48,,,,,,,,,,
10/19/2015 16:00:00,27.93,25.38,210.64,80.99,,,,,,,,,,
10/20/2015 16:00:00,28.44,25.47,208.73,80.83,,,,,,,,,,
10/21/2015 16:00:00,28.44,25.36,211.56,80.21,,,,,,,,,,
10/22/2015 16:00:00,28.88,25.63,216.51,82.89,,,,,,,,,,
10/23/2015 16:00:00,29.77,25.46,219.32,82.98,,,,,,,,,,
10/26/2015 16:00:00,28.82,25.4,220.94,81.22,,,,,,,,,,
10/27/2015 16:00:00,28.64,25.06,223.04,81.09,,,,,,,,,,
10/28/2015 16:00:00,29.82,25.22,221.04,82.28,,,,,,,,,,
10/29/2015 16:00:00,30.13,25.32,218.25,82.23,,,,,,,,,,
10/30/2015 16:00:00,29.88,25.29,219.83,82.74,,,,,,,,,,
11/2/2015 16:00:00,30.3,25.37,220.59,85.28,,,,,,,,,,
11/3/2015 16:00:00,30.64,25.38,218.9,86.85,,,,,,,,,,
11/4/2015 16:00:00,30.5,25.27,218.83,85.98,,,,,,,,,,
11/5/2015 16:00:00,30.23,25.16,218.6,84.81,,,,,,,,,,
11/6/2015 16:00:00,30.27,25.03,216.63,84.47,,,,,,,,,,
11/9/2015 16:00:00,30.14,24.78,214.7,81.95,,,,,,,,,,
11/10/2015 16:00:00,29.19,24.75,214.07,82.35,,,,,,,,,,
11/11/2015 16:00:00,29.03,24.84,215.11,81.62,,,,,,,,,,
11/12/2015 16:00:00,28.93,24.67,213.58,79.41,,,,,,,,,,
11/13/2015 16:00:00,28.09,24.38,213.16,78.1,,,,,,,,,,
11/16/2015 16:00:00,28.54,24.94,220.67,80.9,,,,,,,,,,
11/17/2015 16:00:00,28.42,25.1,222.39,79.96,,,,,,,,,,
11/18/2015 16:00:00,29.32,25.31,223.22,80.74,,,,,,,,,,
11/19/2015 16:00:00,29.7,25.37,224,80.3,,,,,,,,,,
11/20/2015 16:00:00,29.83,25.4,226.06,79.79,,,,,,,,,,
11/23/2015 16:00:00,29.44,25.25,226.03,80.28,,,,,,,,,,
11/24/2015 16:00:00,29.72,25.2,226.43,81.88,,,,,,,,,,
11/25/2015 16:00:00,29.51,25.24,225.8,81.25,,,,,,,,,,
11/27/2015 16:00:00,29.45,25.34,225.91,81.23,,,,,,,,,,
11/30/2015 16:00:00,29.58,25.41,219.16,81.66,,,,,,,,,,
12/1/2015 16:00:00,29.34,25.49,220.2,81.89,,,,,,,,,,
12/2/2015 16:00:00,29.07,25.33,218.94,79.55,,,,,,,,,,
12/3/2015 16:00:00,28.8,24.98,215.46,78.41,,,,,,,,,,
12/4/2015 16:00:00,29.76,25.74,218.39,78.86,,,,,,,,,,
12/7/2015 16:00:00,29.57,25.86,219.13,76.8,,,,,,,,,,
12/8/2015 16:00:00,29.56,25.55,218.81,74.63,,,,,,,,,,
12/9/2015 16:00:00,28.91,25.34,217.54,75.63,,,,,,,,,,
12/10/2015 16:00:00,29.04,25.41,218.88,75.69,,,,,,,,,,
12/11/2015 16:00:00,28.3,25.03,217.2,74.34,,,,,,,,,,
12/14/2015 16:00:00,28.12,25.36,216.58,76.03,,,,,,,,,,
12/15/2015 16:00:00,27.62,25.52,214.84,79.43,,,,,,,,,,
12/16/2015 16:00:00,27.84,25.96,217.5,79.15,,,,,,,,,,
12/17/2015 16:00:00,27.25,25.68,215.22,77.96,,,,,,,,,,
12/18/2015 16:00:00,26.51,25.36,212.18,77.28,,,,,,,,,,
12/21/2015 16:00:00,26.83,25.73,215.47,77.26,,,,,,,,,,
12/22/2015 16:00:00,26.81,25.97,217.58,77.65,,,,,,,,,,
12/23/2015 16:00:00,27.15,26.25,217.93,80.19,,,,,,,,,,
12/24/2015 16:00:00,27.01,26.16,218.56,79.33,,,,,,,,,,
12/28/2015 16:00:00,26.71,26.23,218.41,78.74,,,,,,,,,,
12/29/2015 16:00:00,27.19,26.36,220.47,79.16,,,,,,,,,,
12/30/2015 16:00:00,26.83,26.22,219.8,78.11,,,,,,,,,,
12/31/2015 16:00:00,26.32,25.97,217.15,77.95,,,,,,,,,,
1/4/2016 16:00:00,26.34,25.92,213.21,77.46,,,,,,,,,,
1/5/2016 16:00:00,25.68,26.1,218.26,78.12,,,,,,,,,,
1/6/2016 16:00:00,25.18,25.7,217.63,77.47,,,,,,,,,,
1/7/2016 16:00:00,24.11,25.29,213.29,76.23,,,,,,,,,,
1/8/2016 16:00:00,24.24,25.31,212.91,74.69,,,,,,,,,,
1/11/2016 16:00:00,24.63,25.62,215.35,73.69,,,,,,,,,,
1/12/2016 16:00:00,24.99,25.58,217.96,75.2,,,,,,,,,,
1/13/2016 16:00:00,24.35,25.46,214.4,75.65,,,,,,,,,,
1/14/2016 16:00:00,24.88,25.89,216.42,79.12,,,,,,,,,,
1/15/2016 16:00:00,24.28,25.65,215.99,77.58,,,,,,,,,,
1/19/2016 16:00:00,24.17,26.04,215.29,76.4,,,,,,,,,,
1/20/2016 16:00:00,24.2,25.58,210.4,73.18,,,,,,,,,,
1/21/2016 16:00:00,24.08,26.07,210.79,74.1,,,,,,,,,,
1/22/2016 16:00:00,25.36,26.52,212.04,76.57,,,,,,,,,,
1/25/2016 16:00:00,24.86,26.41,211.01,73.98,,,,,,,,,,
1/26/2016 16:00:00,25,26.72,209.93,76.7,,,,,,,,,,
1/27/2016 16:00:00,23.36,26.78,207.86,75.29,,,,,,,,,,
1/28/2016 16:00:00,23.52,26.81,206.66,76.99,,,,,,,,,,
1/29/2016 16:00:00,24.34,27.21,211,77.85,,,,,,,,,,
2/1/2016 16:00:00,24.11,27.3,209.8,76.29,,,,,,,,,,
2/2/2016 16:00:00,23.62,27.21,210.45,74.59,,,,,,,,,,
2/3/2016 16:00:00,24.09,27.71,212.92,78.48,,,,,,,,,,
2/4/2016 16:00:00,24.15,27.57,210.21,79.83,,,,,,,,,,
2/5/2016 16:00:00,23.51,27.83,211.94,80.08,,,,,,,,,,
2/8/2016 16:00:00,23.75,28.01,214.53,81.16,,,,,,,,,,
2/9/2016 16:00:00,23.75,27.66,215.98,80.08,,,,,,,,,,
2/10/2016 16:00:00,23.57,27.49,213.95,79.35,,,,,,,,,,
2/11/2016 16:00:00,23.43,27.33,207.18,79.6,,,,,,,,,,
2/12/2016 16:00:00,23.5,27.52,206.08,81.03,,,,,,,,,,
2/16/2016 16:00:00,24.16,27.66,209,81.22,,,,,,,,,,
2/17/2016 16:00:00,24.53,27.65,212.74,82,,,,,,,,,,
2/18/2016 16:00:00,24.07,27.92,214.2,82.45,,,,,,,,,,
2/19/2016 16:00:00,24.01,27.6,213.62,82.5,,,,,,,,,,
2/22/2016 16:00:00,24.22,27.82,215.01,82.39,,,,,,,,,,
2/23/2016 16:00:00,23.67,27.73,215.15,81.23,,,,,,,,,,
2/24/2016 16:00:00,24.03,28,216.63,81.52,,,,,,,,,,
2/25/2016 16:00:00,24.19,28.2,220.03,82.01,,,,,,,,,,
2/26/2016 16:00:00,24.23,28.02,217.24,81.75,,,,,,,,,,
2/29/2016 16:00:00,24.17,27.89,215.79,80.15,,,,,,,,,,
3/1/2016 16:00:00,25.13,28.22,218.13,81.28,,,,,,,,,,
3/2/2016 16:00:00,25.19,28.44,217.2,82.7,,,,,,,,,,
3/3/2016 16:00:00,25.38,28.67,218.52,82.4,,,,,,,,,,
3/4/2016 16:00:00,25.75,28.63,218.72,82.29,,,,,,,,,,
3/7/2016 16:00:00,25.47,28.78,215.84,84.46,,,,,,,,,,
3/8/2016 16:00:00,25.26,28.75,215.34,82.63,,,,,,,,,,
3/9/2016 16:00:00,25.28,28.66,216.41,82.4,,,,,,,,,,
3/10/2016 16:00:00,25.29,28.91,216.56,82.18,,,,,,,,,,
3/11/2016 16:00:00,25.57,28.95,217.05,82.19,,,,,,,,,,
3/14/2016 16:00:00,25.63,28.92,216.6,82.41,,,,,,,,,,
3/15/2016 16:00:00,26.15,29.07,217.05,82.82,,,,,,,,,,
3/16/2016 16:00:00,26.49,29.26,218.19,82.87,,,,,,,,,,
3/17/2016 16:00:00,26.45,29.52,219.25,84.1,,,,,,,,,,
3/18/2016 16:00:00,26.48,29.1,220.91,84.2,,,,,,,,,,
3/21/2016 16:00:00,26.48,29.37,221.26,83.62,,,,,,,,,,
3/22/2016 16:00:00,26.68,29.15,220.73,84.12,,,,,,,,,,
3/23/2016 16:00:00,26.53,29.09,221.26,83.75,,,,,,,,,,
3/24/2016 16:00:00,26.42,29.34,218,83.98,,,,,,,,,,
3/28/2016 16:00:00,26.3,29.49,219.06,84.22,,,,,,,,,,
3/29/2016 16:00:00,26.92,29.77,220.76,84.53,,,,,,,,,,
3/30/2016 16:00:00,27.39,29.71,222.96,84.52,,,,,,,,,,
3/31/2016 16:00:00,27.25,29.56,221.5,83.59,,,,,,,,,,
4/1/2016 16:00:00,27.5,29.47,223.11,82.96,,,,,,,,,,
4/4/2016 16:00:00,27.78,29.7,224.13,83.16,,,,,,,,,,
4/5/2016 16:00:00,27.45,29.58,225.62,82.21,,,,,,,,,,
4/6/2016 16:00:00,27.74,29.16,226.63,83.31,,,,,,,,,,
4/7/2016 16:00:00,27.14,29.12,226.48,82.37,,,,,,,,,,
4/8/2016 16:00:00,27.17,29.06,226.3,83.21,,,,,,,,,,
4/11/2016 16:00:00,27.26,28.97,224.65,83.32,,,,,,,,,,
4/12/2016 16:00:00,27.61,29.18,225.98,84.35,,,,,,,,,,
4/13/2016 16:00:00,28.01,28.87,226.38,84.83,,,,,,,,,,
4/14/2016 16:00:00,28.03,29,225.44,85.43,,,,,,,,,,
4/15/2016 16:00:00,27.46,29.04,225.81,84.97,,,,,,,,,,
4/18/2016 16:00:00,26.87,29.17,227.14,85.78,,,,,,,,,,
4/19/2016 16:00:00,26.73,29.37,226.51,86.21,,,,,,,,,,
4/20/2016 16:00:00,26.78,29.22,226.58,86.8,,,,,,,,,,
4/21/2016 16:00:00,26.49,28.57,226.07,86.79,,,,,,,,,,
4/22/2016 16:00:00,26.42,28.73,226.83,87.53,,,,,,,,,,
4/25/2016 16:00:00,26.27,28.84,226.3,87.33,,,,,,,,,,
4/26/2016 16:00:00,26.09,28.75,232.16,87.63,,,,,,,,,,
4/27/2016 16:00:00,24.46,29.22,233.65,88.46,,,,,,,,,,
4/28/2016 16:00:00,23.71,29.16,232.72,88.03,,,,,,,,,,
4/29/2016 16:00:00,23.44,29.3,232.38,88.4,,,,,,,,,,
5/2/2016 16:00:00,23.41,29.51,233.24,89.13,,,,,,,,,,
5/3/2016 16:00:00,23.8,29.37,234.7,88.11,,,,,,,,,,
5/4/2016 16:00:00,23.55,29.34,236.01,87.94,,,,,,,,,,
5/5/2016 16:00:00,23.31,29.24,238.14,88.04,,,,,,,,,,
5/6/2016 16:00:00,23.18,29.43,240.26,88.51,,,,,,,,,,
5/9/2016 16:00:00,23.2,29.33,240.32,88.57,,,,,,,,,,
5/10/2016 16:00:00,23.36,29.67,244.36,89.99,,,,,,,,,,
5/11/2016 16:00:00,23.13,29.57,241.83,88.81,,,,,,,,,,
5/12/2016 16:00:00,22.59,29.85,244.94,89.67,,,,,,,,,,
5/13/2016 16:00:00,22.63,29.55,242.12,88.66,,,,,,,,,,
5/16/2016 16:00:00,23.47,29.64,242.97,89.57,,,,,,,,,,
5/17/2016 16:00:00,23.37,29.52,241.53,89.53,,,,,,,,,,
5/18/2016 16:00:00,23.64,29.02,241.58,89.35,,,,,,,,,,
5/19/2016 16:00:00,23.55,29.01,238.89,90.11,,,,,,,,,,
5/20/2016 16:00:00,23.81,29.02,240.07,89.74,,,,,,,,,,
5/23/2016 16:00:00,24.11,28.92,239.52,89.6,,,,,,,,,,
5/24/2016 16:00:00,24.48,29.06,240.97,89.67,,,,,,,,,,
5/25/2016 16:00:00,24.91,29.15,240.84,90.26,,,,,,,,,,
5/26/2016 16:00:00,25.1,29.31,241.54,89.8,,,,,,,,,,
5/27/2016 16:00:00,25.09,29.43,240.09,90.01,,,,,,,,,,
5/31/2016 16:00:00,24.97,29.55,236.23,89.02,,,,,,,,,,
6/1/2016 16:00:00,24.62,29.23,238.08,89.24,,,,,,,,,,
6/2/2016 16:00:00,24.43,29.31,237.83,88.53,,,,,,,,,,
6/3/2016 16:00:00,24.48,29.59,238.92,88.37,,,,,,,,,,
6/6/2016 16:00:00,24.66,29.69,239.4,89.34,,,,,,,,,,
6/7/2016 16:00:00,24.76,30.03,239.5,90.71,,,,,,,,,,
6/8/2016 16:00:00,24.74,30.08,240.38,90.79,,,,,,,,,,
6/9/2016 16:00:00,24.91,30.26,240.67,90.67,,,,,,,,,,
6/10/2016 16:00:00,24.71,30.44,240.58,89.98,,,,,,,,,,
6/13/2016 16:00:00,24.34,30.33,237.95,90.59,,,,,,,,,,
6/14/2016 16:00:00,24.37,30.47,239.7,90.43,,,,,,,,,,
6/15/2016 16:00:00,24.29,30.41,239.45,90.16,,,,,,,,,,
6/16/2016 16:00:00,24.39,30.56,239.87,91.22,,,,,,,,,,
6/17/2016 16:00:00,23.83,30.74,237.56,90.72,,,,,,,,,,
6/20/2016 16:00:00,23.78,30.78,238.64,91.12,,,,,,,,,,
6/21/2016 16:00:00,23.98,31,238.55,91.53,,,,,,,,,,
6/22/2016 16:00:00,23.89,31.17,238.17,91.17,,,,,,,,,,
6/23/2016 16:00:00,24.03,31.61,240,91.8,,,,,,,,,,
6/24/2016 16:00:00,23.35,31.33,239.7,89.39,,,,,,,,,,
6/27/2016 16:00:00,23.01,31.72,239.29,88.86,,,,,,,,,,
6/28/2016 16:00:00,23.4,31.71,240.91,90.91,,,,,,,,,,
6/29/2016 16:00:00,23.6,32.1,244.08,92.46,,,,,,,,,,
6/30/2016 16:00:00,23.9,32.61,248.17,93.74,,,,,,,,,,
7/1/2016 16:00:00,23.97,32.81,249.35,93.84,,,,,,,,,,
7/5/2016 16:00:00,23.75,32.72,249.51,93.02,,,,,,,,,,
7/6/2016 16:00:00,23.88,32.53,250.08,94.09,,,,,,,,,,
7/7/2016 16:00:00,23.99,32.53,249.77,92.96,,,,,,,,,,
7/8/2016 16:00:00,24.17,32.16,251.9,93.54,,,,,,,,,,
7/11/2016 16:00:00,24.25,32.08,254.39,93.89,,,,,,,,,,
7/12/2016 16:00:00,24.36,32.01,254.7,94.95,,,,,,,,,,
7/13/2016 16:00:00,24.22,32.14,255.9,94.88,,,,,,,,,,
7/14/2016 16:00:00,24.7,32.28,256,94.95,,,,,,,,,,
7/15/2016 16:00:00,24.7,32.37,256.98,95.12,,,,,,,,,,
7/18/2016 16:00:00,24.96,32.34,256.29,94.82,,,,,,,,,,
7/19/2016 16:00:00,24.97,32.28,258.96,94.47,,,,,,,,,,
7/20/2016 16:00:00,24.99,32.23,256.67,93.93,,,,,,,,,,
7/21/2016 16:00:00,24.86,32.09,254.14,93.85,,,,,,,,,,
7/22/2016 16:00:00,24.67,32.53,257.31,94.01,,,,,,,,,,
7/25/2016 16:00:00,24.34,32.41,255.62,92.2,,,,,,,,,,
7/26/2016 16:00:00,24.17,31.98,254.76,91.53,,,,,,,,,,
7/27/2016 16:00:00,25.74,32.27,254.16,90.91,,,,,,,,,,
7/28/2016 16:00:00,26.09,32.13,254.55,90.2,,,,,,,,,,
7/29/2016 16:00:00,26.05,32.67,252.73,88.95,,,,,,,,,,
8/1/2016 16:00:00,26.51,32.57,254.84,85.86,,,,,,,,,,
8/2/2016 16:00:00,26.12,32.56,257,87.04,,,,,,,,,,
8/3/2016 16:00:00,26.45,32.51,256.85,87.49,,,,,,,,,,
8/4/2016 16:00:00,26.47,32.57,257.75,87.48,,,,,,,,,,
8/5/2016 16:00:00,26.87,32.4,260.29,87.56,,,,,,,,,,
8/8/2016 16:00:00,27.09,32.51,260.19,88.59,,,,,,,,,,
8/9/2016 16:00:00,27.2,32.6,260.66,88.7,,,,,,,,,,
8/10/2016 16:00:00,27,32.75,261.3,86.41,,,,,,,,,,
8/11/2016 16:00:00,26.98,32.66,262.54,86.72,,,,,,,,,,
8/12/2016 16:00:00,27.05,32.47,264.15,87.85,,,,,,,,,,
8/15/2016 16:00:00,27.37,31.67,266.5,87.81,,,,,,,,,,
8/16/2016 16:00:00,27.35,31.59,256.77,87.92,,,,,,,,,,
8/17/2016 16:00:00,27.31,31.24,255.64,88.11,,,,,,,,,,
8/18/2016 16:00:00,27.27,30.95,255.42,88.91,,,,,,,,,,
8/19/2016 16:00:00,27.34,30.87,254.12,87.8,,,,,,,,,,
8/22/2016 16:00:00,27.13,30.83,254.2,87.99,,,,,,,,,,
8/23/2016 16:00:00,27.21,30.84,249.75,87.72,,,,,,,,,,
8/24/2016 16:00:00,27.01,31,248.12,88.02,,,,,,,,,,
8/25/2016 16:00:00,26.89,30.7,248.53,87.46,,,,,,,,,,
8/26/2016 16:00:00,26.74,30.94,244.44,87.27,,,,,,,,,,
8/29/2016 16:00:00,26.71,30.86,244.3,87.84,,,,,,,,,,
8/30/2016 16:00:00,26.5,30.85,239.45,87.52,,,,,,,,,,
8/31/2016 16:00:00,26.53,30.91,242.97,87.14,,,,,,,,,,
9/1/2016 16:00:00,26.68,30.9,243.61,86.84,,,,,,,,,,
9/2/2016 16:00:00,26.93,31.12,243.32,87.42,,,,,,,,,,
9/6/2016 16:00:00,26.93,31.15,243,88.57,,,,,,,,,,
9/7/2016 16:00:00,27.09,31.09,241.37,88.24,,,,,,,,,,
9/8/2016 16:00:00,26.38,29.97,241.63,89.05,,,,,,,,,,
9/9/2016 16:00:00,25.78,30.72,237.94,86.84,,,,,,,,,,
9/12/2016 16:00:00,26.36,30.17,238.8,87.29,,,,,,,,,,
9/13/2016 16:00:00,26.99,30.1,237.41,85.21,,,,,,,,,,
9/14/2016 16:00:00,27.94,30.53,237.41,84.6,,,,,,,,,,
9/15/2016 16:00:00,28.89,30.34,239.09,85.08,,,,,,,,,,
9/16/2016 16:00:00,28.73,30.23,237.45,84.03,,,,,,,,,,
9/19/2016 16:00:00,28.4,30.16,240.88,83.83,,,,,,,,,,
9/20/2016 16:00:00,28.39,30.62,240.48,82.54,,,,,,,,,,
9/21/2016 16:00:00,28.39,31.03,243.82,83.3,,,,,,,,,,
9/22/2016 16:00:00,28.66,31.15,246.62,83.54,,,,,,,,,,
9/23/2016 16:00:00,28.18,31.05,245.84,83.45,,,,,,,,,,
9/26/2016 16:00:00,28.22,31.29,245.53,83.06,,,,,,,,,,
9/27/2016 16:00:00,28.27,30.83,245.79,83.24,,,,,,,,,,
9/28/2016 16:00:00,28.49,30.74,245.75,86.9,,,,,,,,,,
9/29/2016 16:00:00,28.05,30.65,242.34,86.46,,,,,,,,,,
9/30/2016 16:00:00,28.26,30.77,239.72,87.28,,,,,,,,,,
10/3/2016 16:00:00,28.13,30.11,240.58,87.05,,,,,,,,,,
10/4/2016 16:00:00,28.25,29.55,237.1,86.25,,,,,,,,,,
10/5/2016 16:00:00,28.26,29.52,236.6,87,,,,,,,,,,
10/6/2016 16:00:00,28.47,29.33,234.72,87.04,,,,,,,,,,
10/7/2016 16:00:00,28.52,29.44,233.53,86.74,,,,,,,,,,
10/10/2016 16:00:00,29.01,29.51,233.29,88.44,,,,,,,,,,
10/11/2016 16:00:00,29.08,29.68,231.85,87.74,,,,,,,,,,
10/12/2016 16:00:00,29.34,29.71,232.1,87.13,,,,,,,,,,
10/13/2016 16:00:00,29.25,29.6,232.99,86.56,,,,,,,,,,
10/14/2016 16:00:00,29.41,29.64,232.57,86.54,,,,,,,,,,
10/17/2016 16:00:00,29.39,29.7,232.77,86.54,,,,,,,,,,
10/18/2016 16:00:00,29.37,29.72,232.79,86.77,,,,,,,,,,
10/19/2016 16:00:00,29.28,29.17,232.33,87.17,,,,,,,,,,
10/20/2016 16:00:00,29.27,28.29,231.83,87.21,,,,,,,,,,
10/21/2016 16:00:00,29.15,27.82,230.52,86.62,,,,,,,,,,
10/24/2016 16:00:00,29.41,27.7,232.16,86.91,,,,,,,,,,
10/25/2016 16:00:00,29.56,27.49,249.26,86.72,,,,,,,,,,
10/26/2016 16:00:00,28.9,27.56,250.09,87.09,,,,,,,,,,
10/27/2016 16:00:00,28.62,27.55,248.53,86.92,,,,,,,,,,
10/28/2016 16:00:00,28.43,27.77,248,84.78,,,,,,,,,,
10/31/2016 16:00:00,28.39,27.59,246.38,83.32,,,,,,,,,,
11/1/2016 16:00:00,27.87,27.45,244.98,83.65,,,,,,,,,,
11/2/2016 16:00:00,27.9,27.64,245.11,83.45,,,,,,,,,,
11/3/2016 16:00:00,27.46,27.55,238.7,83.66,,,,,,,,,,
11/4/2016 16:00:00,27.21,27.78,236.28,83.57,,,,,,,,,,
11/7/2016 16:00:00,27.6,27.92,239.27,85.45,,,,,,,,,,
11/8/2016 16:00:00,27.77,28.26,239.19,85.31,,,,,,,,,,
11/9/2016 16:00:00,27.72,27.6,253.46,86.25,,,,,,,,,,
11/10/2016 16:00:00,26.95,27.55,257.27,87.05,,,,,,,,,,
11/11/2016 16:00:00,27.11,27.27,259.17,85.67,,,,,,,,,,
11/14/2016 16:00:00,26.43,27.75,267.24,85.28,,,,,,,,,,
11/15/2016 16:00:00,26.78,28.04,265.93,86.82,,,,,,,,,,
11/16/2016 16:00:00,27.5,28.23,263.35,85.75,,,,,,,,,,
11/17/2016 16:00:00,27.49,28.35,263.28,85.23,,,,,,,,,,
11/18/2016 16:00:00,27.52,28.48,263.09,85.28,,,,,,,,,,
11/21/2016 16:00:00,27.93,29.09,263.42,86.49,,,,,,,,,,
11/22/2016 16:00:00,27.95,29.23,264.66,86.68,,,,,,,,,,
11/23/2016 16:00:00,27.81,29.59,264.4,86.92,,,,,,,,,,
11/25/2016 16:00:00,27.95,29.84,265.92,87.12,,,,,,,,,,
11/28/2016 16:00:00,27.89,29.8,265.93,86.47,,,,,,,,,,
11/29/2016 16:00:00,27.87,29.15,266.58,85.9,,,,,,,,,,
11/30/2016 16:00:00,27.63,29.34,265.25,87.3,,,,,,,,,,
12/1/2016 16:00:00,27.37,29.14,266.4,87.24,,,,,,,,,,
12/2/2016 16:00:00,27.48,29.15,267.62,87.04,,,,,,,,,,
12/5/2016 16:00:00,27.28,29.7,266.93,87.48,,,,,,,,,,
12/6/2016 16:00:00,27.49,30.53,266,87.56,,,,,,,,,,
12/7/2016 16:00:00,27.76,30.5,266.38,88.07,,,,,,,,,,
12/8/2016 16:00:00,28.03,30.47,259.25,88.32,,,,,,,,,,
12/9/2016 16:00:00,28.49,31.03,259.53,89,,,,,,,,,,
12/12/2016 16:00:00,28.33,31.21,253.11,90.98,,,,,,,,,,
12/13/2016 16:00:00,28.8,31.02,251.69,92.58,,,,,,,,,,
12/14/2016 16:00:00,28.8,31.32,252.3,90.58,,,,,,,,,,
12/15/2016 16:00:00,28.96,31.45,250.65,90.89,,,,,,,,,,
12/16/2016 16:00:00,28.99,31.79,250.08,91.18,,,,,,,,,,
12/19/2016 16:00:00,29.16,32.05,252.18,90.42,,,,,,,,,,
12/20/2016 16:00:00,29.24,31.97,253.73,90.43,,,,,,,,,,
12/21/2016 16:00:00,29.27,32.24,252.52,90.28,,,,,,,,,,
12/22/2016 16:00:00,29.07,32.25,252.8,90.87,,,,,,,,,,
12/23/2016 16:00:00,29.13,32.19,249.59,90.71,,,,,,,,,,
12/27/2016 16:00:00,29.32,32.09,250.86,90.75,,,,,,,,,,
12/28/2016 16:00:00,29.19,32.2,249.58,90.3,,,,,,,,,,
12/29/2016 16:00:00,29.18,32.1,250.59,90.35,,,,,,,,,,
12/30/2016 16:00:00,28.96,32.47,249.94,90.26,,,,,,,,,,
1/3/2017 16:00:00,29.04,32.28,253.31,90.89,,,,,,,,,,
1/4/2017 16:00:00,29.01,32.19,253.99,89.89,,,,,,,,,,
1/5/2017 16:00:00,29.15,31.18,255.98,88.55,,,,,,,,,,
1/6/2017 16:00:00,29.48,30.79,257.85,88.5,,,,,,,,,,
1/9/2017 16:00:00,29.75,30.8,257.81,87.04,,,,,,,,,,
1/10/2017 16:00:00,29.78,30.65,256.17,85.93,,,,,,,,,,
1/11/2017 16:00:00,29.94,30.95,255.13,86.81,,,,,,,,,,
1/12/2017 16:00:00,29.81,30.91,252.62,86.34,,,,,,,,,,
1/13/2017 16:00:00,29.76,31.03,254.53,86.35,,,,,,,,,,
1/17/2017 16:00:00,30,30.79,254.12,87.36,,,,,,,,,,
1/18/2017 16:00:00,30,30.94,254.07,86.28,,,,,,,,,,
1/19/2017 16:00:00,29.95,31.28,257.03,84.73,,,,,,,,,,
1/20/2017 16:00:00,30,31.7,257.73,85.89,,,,,,,,,,
1/23/2017 16:00:00,30.02,31.21,257.48,84.97,,,,,,,,,,
1/24/2017 16:00:00,29.99,31.24,252.91,85.09,,,,,,,,,,
1/25/2017 16:00:00,30.47,31.52,251,85.34,,,,,,,,,,
1/26/2017 16:00:00,30.49,31.7,254.97,85.6,,,,,,,,,,
1/27/2017 16:00:00,30.49,31.56,253.5,85.51,,,,,,,,,,
1/30/2017 16:00:00,30.41,31.82,252.83,84.86,,,,,,,,,,
1/31/2017 16:00:00,30.34,31.74,251.33,83.89,,,,,,,,,,
2/1/2017 16:00:00,32.19,31.08,250.9,82.94,,,,,,,,,,
2/2/2017 16:00:00,32.13,31.13,251.97,83.45,,,,,,,,,,
2/3/2017 16:00:00,32.27,30.99,254.46,83.54,,,,,,,,,,
2/6/2017 16:00:00,32.57,31.03,255.31,83.31,,,,,,,,,,
2/7/2017 16:00:00,32.88,31.1,256.37,82.77,,,,,,,,,,
2/8/2017 16:00:00,33.01,31.18,256.74,81.48,,,,,,,,,,
2/9/2017 16:00:00,33.1,31.23,258.2,81.84,,,,,,,,,,
2/10/2017 16:00:00,33.03,30.68,260.55,82.52,,,,,,,,,,
2/13/2017 16:00:00,33.32,30.75,262.35,83,,,,,,,,,,
2/14/2017 16:00:00,33.76,31.03,262.56,82.82,,,,,,,,,,
2/15/2017 16:00:00,33.88,31.13,263.46,83.16,,,,,,,,,,
2/16/2017 16:00:00,33.84,31.3,265.33,82.3,,,,,,,,,,
2/17/2017 16:00:00,33.93,31.49,265.35,81.76,,,,,,,,,,
2/21/2017 16:00:00,34.17,31.39,265.66,81.89,,,,,,,,,,
2/22/2017 16:00:00,34.28,31.66,265.92,80.93,,,,,,,,,,
2/23/2017 16:00:00,34.13,31.97,264.85,81.78,,,,,,,,,,
2/24/2017 16:00:00,34.17,31.56,266,81.08,,,,,,,,,,
2/27/2017 16:00:00,34.23,31.54,269.36,81.54,,,,,,,,,,
2/28/2017 16:00:00,34.25,31.73,266.58,81.32,,,,,,,,,,
3/1/2017 16:00:00,34.95,31.75,268.38,83.02,,,,,,,,,,
3/2/2017 16:00:00,34.74,31.7,266.99,83.3,,,,,,,,,,
3/3/2017 16:00:00,34.95,31.67,267.76,82.46,,,,,,,,,,
3/6/2017 16:00:00,34.84,31.61,267.72,82.83,,,,,,,,,,
3/7/2017 16:00:00,34.88,31.52,269.04,82.52,,,,,,,,,,
3/8/2017 16:00:00,34.75,31.65,267.72,81.03,,,,,,,,,,
3/9/2017 16:00:00,34.67,31.96,268.68,81.67,,,,,,,,,,
3/10/2017 16:00:00,34.78,31.98,268.66,81.61,,,,,,,,,,
3/13/2017 16:00:00,34.8,31.76,269.19,81.42,,,,,,,,,,
3/14/2017 16:00:00,34.75,32.14,268,80.99,,,,,,,,,,
3/15/2017 16:00:00,35.12,32.03,269.44,82,,,,,,,,,,
3/16/2017 16:00:00,35.17,32.16,267.94,82.07,,,,,,,,,,
3/17/2017 16:00:00,35,32.01,271.98,82,,,,,,,,,,
3/20/2017 16:00:00,35.37,31.76,272.03,82,,,,,,,,,,
3/21/2017 16:00:00,34.96,31.43,269,81.83,,,,,,,,,,
3/22/2017 16:00:00,35.35,31.43,269.42,81.76,,,,,,,,,,
3/23/2017 16:00:00,35.23,31.46,269.5,81.86,,,,,,,,,,
3/24/2017 16:00:00,35.16,31.31,267.42,81.23,,,,,,,,,,
3/27/2017 16:00:00,35.22,31.36,267.16,81.25,,,,,,,,,,
3/28/2017 16:00:00,35.95,31.28,269.12,81.84,,,,,,,,,,
3/29/2017 16:00:00,36.03,31.52,268.24,82.02,,,,,,,,,,
3/30/2017 16:00:00,35.98,31.36,270.54,83.7,,,,,,,,,,
3/31/2017 16:00:00,35.92,31.37,267.6,82.01,,,,,,,,,,
4/3/2017 16:00:00,35.92,31.46,268.68,82.07,,,,,,,,,,
4/4/2017 16:00:00,36.19,31.33,269.56,82.37,,,,,,,,,,
4/5/2017 16:00:00,36.01,30.64,266.98,82.53,,,,,,,,,,
4/6/2017 16:00:00,35.92,30.63,267.11,83.01,,,,,,,,,,
4/7/2017 16:00:00,35.84,30.47,270.23,82.76,,,,,,,,,,
4/10/2017 16:00:00,35.79,30.42,269.03,83.13,,,,,,,,,,
4/11/2017 16:00:00,35.41,30.61,270.27,82.84,,,,,,,,,,
4/12/2017 16:00:00,35.45,30.4,268.51,82.97,,,,,,,,,,
4/13/2017 16:00:00,35.26,30.41,268,81.69,,,,,,,,,,
4/17/2017 16:00:00,35.46,30.38,269.88,81.58,,,,,,,,,,
4/18/2017 16:00:00,35.3,30.38,268.78,81.05,,,,,,,,,,
4/19/2017 16:00:00,35.17,30.46,269.63,80.49,,,,,,,,,,
4/20/2017 16:00:00,35.61,30.13,271.85,81.01,,,,,,,,,,
4/21/2017 16:00:00,35.57,30.2,273.09,80.69,,,,,,,,,,
4/24/2017 16:00:00,35.91,30.14,276.21,81.11,,,,,,,,,,
4/25/2017 16:00:00,36.13,30.52,270.02,81.73,,,,,,,,,,
4/26/2017 16:00:00,35.92,30.12,270.35,81.4,,,,,,,,,,
4/27/2017 16:00:00,35.95,29.91,271.14,81.26,,,,,,,,,,
4/28/2017 16:00:00,35.91,29.51,269.45,81.65,,,,,,,,,,
5/1/2017 16:00:00,36.65,29.4,268.43,82.06,,,,,,,,,,
5/2/2017 16:00:00,36.88,28.98,269.49,82.05,,,,,,,,,,
5/3/2017 16:00:00,36.77,28.69,269.6,82.7,,,,,,,,,,
5/4/2017 16:00:00,36.63,29.1,270.51,81.64,,,,,,,,,,
5/5/2017 16:00:00,37.24,29.11,273.03,82.02,,,,,,,,,,
5/8/2017 16:00:00,38.25,28.84,272.5,82.89,,,,,,,,,,
5/9/2017 16:00:00,38.5,29.02,273.87,82.31,,,,,,,,,,
5/10/2017 16:00:00,38.32,29.01,271.74,81.91,,,,,,,,,,
5/11/2017 16:00:00,38.49,29.05,272.09,82.61,,,,,,,,,,
5/12/2017 16:00:00,39.03,29.12,271.26,82.55,,,,,,,,,,
5/15/2017 16:00:00,38.92,28.82,272.35,82.8,,,,,,,,,,
5/16/2017 16:00:00,38.87,28.27,271.65,82.55,,,,,,,,,,
5/17/2017 16:00:00,37.56,28.64,269.24,81.99,,,,,,,,,,
5/18/2017 16:00:00,38.14,28.86,267.32,81.75,,,,,,,,,,
5/19/2017 16:00:00,38.27,28.87,272.79,81.93,,,,,,,,,,
5/22/2017 16:00:00,38.5,28.91,277.03,82.29,,,,,,,,,,
5/23/2017 16:00:00,38.45,28.79,278.36,82.58,,,,,,,,,,
5/24/2017 16:00:00,38.34,28.85,280.05,82.29,,,,,,,,,,
5/25/2017 16:00:00,38.47,28.77,282.06,81.75,,,,,,,,,,
5/26/2017 16:00:00,38.4,29.09,283.65,81.55,,,,,,,,,,
5/30/2017 16:00:00,38.42,29.08,280.09,81.1,,,,,,,,,,
5/31/2017 16:00:00,38.19,29.33,281.13,80.5,,,,,,,,,,
6/1/2017 16:00:00,38.3,29.33,280.96,80.7,,,,,,,,,,
6/2/2017 16:00:00,38.86,29.29,281.76,79.5,,,,,,,,,,
6/5/2017 16:00:00,38.48,29.23,280.13,80.12,,,,,,,,,,
6/6/2017 16:00:00,38.61,29.25,276.88,81.21,,,,,,,,,,
6/7/2017 16:00:00,38.84,29.06,277.38,80.91,,,,,,,,,,
6/8/2017 16:00:00,38.75,29.27,277.62,80.62,,,,,,,,,,
6/9/2017 16:00:00,37.24,29.49,277,82.13,,,,,,,,,,
6/12/2017 16:00:00,36.35,29.19,276.89,82.93,,,,,,,,,,
6/13/2017 16:00:00,36.65,29.22,278.36,82.96,,,,,,,,,,
6/14/2017 16:00:00,36.29,29.31,280.3,82.07,,,,,,,,,,
6/15/2017 16:00:00,36.07,29.4,280.93,82.26,,,,,,,,,,
6/16/2017 16:00:00,35.57,29.37,281.11,83.49,,,,,,,,,,
6/19/2017 16:00:00,36.59,29.18,282.3,82.76,,,,,,,,,,
6/20/2017 16:00:00,36.25,28.79,282.89,82.31,,,,,,,,,,
6/21/2017 16:00:00,36.47,28.75,282.99,81.44,,,,,,,,,,
6/22/2017 16:00:00,36.41,28.64,280.43,81.08,,,,,,,,,,
6/23/2017 16:00:00,36.57,28.79,280.64,81.61,,,,,,,,,,
6/26/2017 16:00:00,36.46,28.45,279.7,81.24,,,,,,,,,,
6/27/2017 16:00:00,35.93,28.63,277.83,81.11,,,,,,,,,,
6/28/2017 16:00:00,36.46,28.39,280.02,81.53,,,,,,,,,,
6/29/2017 16:00:00,35.92,28.47,276.73,80.7,,,,,,,,,,
6/30/2017 16:00:00,36.01,28.76,277.61,80.73,,,,,,,,,,
7/3/2017 16:00:00,35.88,28.77,278.92,82.1,,,,,,,,,,
7/5/2017 16:00:00,36.02,28.06,282.4,80.85,,,,,,,,,,
7/6/2017 16:00:00,35.68,27.91,280.96,80.12,,,,,,,,,,
7/7/2017 16:00:00,36.05,27.8,285.2,80.22,,,,,,,,,,
7/10/2017 16:00:00,36.27,27.62,285.57,80.16,,,,,,,,,,
7/11/2017 16:00:00,36.38,27.8,286.42,80.6,,,,,,,,,,
7/12/2017 16:00:00,36.44,27.33,286.36,80.96,,,,,,,,,,
7/13/2017 16:00:00,36.94,27.4,286.76,80.97,,,,,,,,,,
7/14/2017 16:00:00,37.26,27.46,288.13,81.28,,,,,,,,,,
7/17/2017 16:00:00,37.39,27.16,288.49,80.86,,,,,,,,,,
7/18/2017 16:00:00,37.52,27.27,286.79,80.6,,,,,,,,,,
7/19/2017 16:00:00,37.76,27.56,290.67,80.85,,,,,,,,,,
7/20/2017 16:00:00,37.59,27.55,289.67,80.86,,,,,,,,,,
7/21/2017 16:00:00,37.57,27.34,289.12,80.12,,,,,,,,,,
7/24/2017 16:00:00,38.02,27.33,290.28,79.87,,,,,,,,,,
7/25/2017 16:00:00,38.19,28.7,289.83,80.27,,,,,,,,,,
7/26/2017 16:00:00,38.37,29.74,289.85,80.37,,,,,,,,,,
7/27/2017 16:00:00,37.64,29.43,288.13,80.83,,,,,,,,,,
7/28/2017 16:00:00,37.38,29.43,290.41,79.6,,,,,,,,,,
7/31/2017 16:00:00,37.18,29.34,292.13,80.04,,,,,,,,,,
8/1/2017 16:00:00,37.51,28.88,292.65,80.17,,,,,,,,,,
8/2/2017 16:00:00,39.28,28.89,294.7,80.6,,,,,,,,,,
8/3/2017 16:00:00,38.89,29,295.82,80.49,,,,,,,,,,
8/4/2017 16:00:00,39.1,29.07,297,80.21,,,,,,,,,,
8/7/2017 16:00:00,39.7,28.95,297.15,80.16,,,,,,,,,,
8/8/2017 16:00:00,40.02,28.95,300.1,79.96,,,,,,,,,,
8/9/2017 16:00:00,40.27,28.82,305.22,80.21,,,,,,,,,,
8/10/2017 16:00:00,38.83,28.75,303.25,78.97,,,,,,,,,,
8/11/2017 16:00:00,39.37,29.06,303.75,78.21,,,,,,,,,,
8/14/2017 16:00:00,39.96,28.8,307.58,78.23,,,,,,,,,,
8/15/2017 16:00:00,40.4,28.85,306.2,78.04,,,,,,,,,,
8/16/2017 16:00:00,40.24,28.38,305.8,77.47,,,,,,,,,,
8/17/2017 16:00:00,39.47,28.2,301.42,76.26,,,,,,,,,,
8/18/2017 16:00:00,39.38,28.36,299.2,76.64,,,,,,,,,,
8/21/2017 16:00:00,39.3,28.66,301.88,76.38,,,,,,,,,,
8/22/2017 16:00:00,39.95,28.62,304.8,76.74,,,,,,,,,,
8/23/2017 16:00:00,39.99,28.44,302.84,76.61,,,,,,,,,,
8/24/2017 16:00:00,39.82,28.67,302.6,76.33,,,,,,,,,,
8/25/2017 16:00:00,39.97,28.63,302.8,76.72,,,,,,,,,,
8/28/2017 16:00:00,40.37,28.57,303.61,76.47,,,,,,,,,,
8/29/2017 16:00:00,40.73,28.43,308.14,76.45,,,,,,,,,,
8/30/2017 16:00:00,40.84,28.27,306.3,76.1,,,,,,,,,,
8/31/2017 16:00:00,41,28.29,305.39,76.33,,,,,,,,,,
9/1/2017 16:00:00,41.01,27.99,302.19,76.57,,,,,,,,,,
9/5/2017 16:00:00,40.52,27.6,302.2,77.18,,,,,,,,,,
9/6/2017 16:00:00,40.48,26.87,301.45,78.78,,,,,,,,,,
9/7/2017 16:00:00,40.32,26.86,302.35,79.03,,,,,,,,,,
9/8/2017 16:00:00,39.66,26.97,302.9,78.82,,,,,,,,,,
9/11/2017 16:00:00,40.38,27.37,304.48,79.25,,,,,,,,,,
9/12/2017 16:00:00,40.22,27.58,303.73,79.5,,,,,,,,,,
9/13/2017 16:00:00,39.91,27.41,300.2,79.77,,,,,,,,,,
9/14/2017 16:00:00,39.57,28,301.34,80.09,,,,,,,,,,
9/15/2017 16:00:00,39.97,28.24,302.3,80.07,,,,,,,,,,
9/18/2017 16:00:00,39.67,28.84,303.8,80.09,,,,,,,,,,
9/19/2017 16:00:00,39.68,29,305.65,80.22,,,,,,,,,,
9/20/2017 16:00:00,39.02,28.84,307.9,80.55,,,,,,,,,,
9/21/2017 16:00:00,38.35,29.12,308.01,79.89,,,,,,,,,,
9/22/2017 16:00:00,37.97,29.52,308.54,79.92,,,,,,,,,,
9/25/2017 16:00:00,37.64,29.22,306.85,80.98,,,,,,,,,,
9/26/2017 16:00:00,38.28,29.26,309.58,80.89,,,,,,,,,,
9/27/2017 16:00:00,38.56,29.46,310.13,81.43,,,,,,,,,,
9/28/2017 16:00:00,38.32,29.56,309.13,82.19,,,,,,,,,,
9/29/2017 16:00:00,38.53,29.52,310.29,81.98,,,,,,,,,,
10/2/2017 16:00:00,38.45,29.8,311.33,81.63,,,,,,,,,,
10/3/2017 16:00:00,38.62,29.81,312.86,81.76,,,,,,,,,,
10/4/2017 16:00:00,38.37,29.82,313.02,81.79,,,,,,,,,,
10/5/2017 16:00:00,38.85,29.12,314.58,82.02,,,,,,,,,,
10/6/2017 16:00:00,38.83,28.9,316.46,81.71,,,,,,,,,,
10/9/2017 16:00:00,38.96,29.06,317.3,82.03,,,,,,,,,,
10/10/2017 16:00:00,38.98,28.82,317.71,82.26,,,,,,,,,,
10/11/2017 16:00:00,39.14,27.06,318.59,82.6,,,,,,,,,,
10/12/2017 16:00:00,39,26.94,321.15,82.43,,,,,,,,,,
10/13/2017 16:00:00,39.25,27.3,319.39,82.41,,,,,,,,,,
10/16/2017 16:00:00,39.97,27.34,318.94,82.81,,,,,,,,,,
10/17/2017 16:00:00,40.12,26.95,318.27,82.96,,,,,,,,,,
10/18/2017 16:00:00,39.94,26.93,315.57,82.76,,,,,,,,,,
10/19/2017 16:00:00,38.99,26.82,316.84,82.74,,,,,,,,,,
10/20/2017 16:00:00,39.06,26.6,320,83.11,,,,,,,,,,
10/23/2017 16:00:00,39.04,26.31,320.73,83.24,,,,,,,,,,
10/24/2017 16:00:00,39.28,25.27,313.15,83.47,,,,,,,,,,
10/25/2017 16:00:00,39.1,25.42,312.43,83.17,,,,,,,,,,
10/26/2017 16:00:00,39.35,25.64,307.89,83.47,,,,,,,,,,
10/27/2017 16:00:00,40.76,25.31,308,83.71,,,,,,,,,,
10/30/2017 16:00:00,41.68,25.4,308.63,83.54,,,,,,,,,,
10/31/2017 16:00:00,42.26,25.32,308.16,83.35,,,,,,,,,,
11/1/2017 16:00:00,41.72,25.03,306.6,83.87,,,,,,,,,,
11/2/2017 16:00:00,42.03,25.13,310.86,83.53,,,,,,,,,,
11/3/2017 16:00:00,43.13,24.8,309.99,83.18,,,,,,,,,,
11/6/2017 16:00:00,43.56,24.96,310.08,83.75,,,,,,,,,,
11/7/2017 16:00:00,43.7,25.24,313.29,83.58,,,,,,,,,,
11/8/2017 16:00:00,44.06,25.66,315.64,83.47,,,,,,,,,,
11/9/2017 16:00:00,43.97,25.83,311.08,83.97,,,,,,,,,,
11/10/2017 16:00:00,43.67,25.79,311.17,82.94,,,,,,,,,,
11/13/2017 16:00:00,43.49,25.45,312.95,82.89,,,,,,,,,,
11/14/2017 16:00:00,42.84,25.52,313.74,82.24,,,,,,,,,,
11/15/2017 16:00:00,42.27,26.05,310.64,81.21,,,,,,,,,,
11/16/2017 16:00:00,42.78,26.04,312.65,80.56,,,,,,,,,,
11/17/2017 16:00:00,42.54,26.14,309.7,80.24,,,,,,,,,,
11/20/2017 16:00:00,42.5,25.91,314.65,80.55,,,,,,,,,,
11/21/2017 16:00:00,43.29,26.32,316.94,80.87,,,,,,,,,,
11/22/2017 16:00:00,43.74,26.27,314.87,81.1,,,,,,,,,,
11/24/2017 13:00:00,43.74,26.17,315.82,81.42,,,,,,,,,,
11/27/2017 16:00:00,43.52,26.73,316.7,81.11,,,,,,,,,,
11/28/2017 16:00:00,43.27,27.53,319.01,81.67,,,,,,,,,,
11/29/2017 16:00:00,42.37,27.46,320.76,82.27,,,,,,,,,,
11/30/2017 16:00:00,42.96,27.55,319.12,83.29,,,,,,,,,,
12/1/2017 16:00:00,42.76,28.13,313.57,83.46,,,,,,,,,,
12/4/2017 16:00:00,42.45,27.58,311.78,83.57,,,,,,,,,,
12/5/2017 16:00:00,42.41,27.25,310.14,82.89,,,,,,,,,,
12/6/2017 16:00:00,42.25,27.3,311.97,82.28,,,,,,,,,,
12/7/2017 16:00:00,42.33,27.72,314.42,82.55,,,,,,,,,,
12/8/2017 16:00:00,42.34,27.85,315.85,82.66,,,,,,,,,,
12/11/2017 16:00:00,43.17,28.75,316.17,83.03,,,,,,,,,,
12/12/2017 16:00:00,42.93,28.71,315.89,82.76,,,,,,,,,,
12/13/2017 16:00:00,43.07,28.48,317.79,83.12,,,,,,,,,,
12/14/2017 16:00:00,43.06,28.86,317.01,82.9,,,,,,,,,,
12/15/2017 16:00:00,43.49,29.03,322.82,83.03,,,,,,,,,,
12/18/2017 16:00:00,44.11,28.72,322.76,82.94,,,,,,,,,,
12/19/2017 16:00:00,43.64,29.09,319.97,82.44,,,,,,,,,,
12/20/2017 16:00:00,43.59,29.34,317.72,82.87,,,,,,,,,,
12/21/2017 16:00:00,43.75,29.39,317.19,83.85,,,,,,,,,,
12/22/2017 16:00:00,43.75,29.48,318.03,83.97,,,,,,,,,,
12/26/2017 16:00:00,42.64,29.35,318.51,83.98,,,,,,,,,,
12/27/2017 16:00:00,42.65,29.57,319.44,83.9,,,,,,,,,,
12/28/2017 16:00:00,42.77,29.34,322.1,84.02,,,,,,,,,,
12/29/2017 16:00:00,42.31,29.09,321.05,83.64,,,,,,,,,,
1/2/2018 16:00:00,43.07,28.41,318.54,85.03,,,,,,,,,,
1/3/2018 16:00:00,43.06,28.68,321.21,86.7,,,,,,,,,,
1/4/2018 16:00:00,43.26,28.78,326.72,86.82,,,,,,,,,,
1/5/2018 16:00:00,43.75,28.87,329.68,86.75,,,,,,,,,,
1/8/2018 16:00:00,43.59,28.29,328.16,87.14,,,,,,,,,,
1/9/2018 16:00:00,43.58,27.64,330.51,86.77,,,,,,,,,,
1/10/2018 16:00:00,43.57,27.53,331.05,86.08,,,,,,,,,,
1/11/2018 16:00:00,43.82,27.85,331.13,86.93,,,,,,,,,,
1/12/2018 16:00:00,44.27,27.71,336.25,87.52,,,,,,,,,,
1/16/2018 16:00:00,44.05,27.81,330.11,86.97,,,,,,,,,,
1/17/2018 16:00:00,44.78,28.04,334.86,88,,,,,,,,,,
1/18/2018 16:00:00,44.82,28.08,333,87.43,,,,,,,,,,
1/19/2018 16:00:00,44.62,28.58,332,87.15,,,,,,,,,,
1/22/2018 16:00:00,44.25,28.07,329,88.25,,,,,,,,,,
1/23/2018 16:00:00,44.26,27.94,328.7,88.3,,,,,,,,,,
1/24/2018 16:00:00,43.56,28.26,330.49,88.53,,,,,,,,,,
1/25/2018 16:00:00,42.78,28.54,334.72,88.37,,,,,,,,,,
1/26/2018 16:00:00,42.88,28.12,344.9,89,,,,,,,,,,
1/29/2018 16:00:00,41.99,28.26,351.42,88.01,,,,,,,,,,
1/30/2018 16:00:00,41.74,28.26,350.39,86.78,,,,,,,,,,
1/31/2018 16:00:00,41.86,29.55,354.85,87.3,,,,,,,,,,
2/1/2018 16:00:00,41.95,28.73,357.38,89.07,,,,,,,,,,
2/2/2018 16:00:00,40.13,27.64,352.66,84.53,,,,,,,,,,
2/5/2018 16:00:00,39.12,27.8,336.46,79.72,,,,,,,,,,
2/6/2018 16:00:00,40.76,27.87,337.59,78.35,,,,,,,,,,
2/7/2018 16:00:00,39.89,26.84,345.43,76.94,,,,,,,,,,
2/8/2018 16:00:00,38.79,27.21,334.3,76.07,,,,,,,,,,
2/9/2018 16:00:00,39.1,27.45,341.42,75.78,,,,,,,,,,
2/12/2018 16:00:00,40.68,27.62,345.81,76.42,,,,,,,,,,
2/13/2018 16:00:00,41.09,27.48,350.23,76.3,,,,,,,,,,
2/14/2018 16:00:00,41.84,27.92,354.66,76.46,,,,,,,,,,
2/15/2018 16:00:00,43.25,28.03,361,76.21,,,,,,,,,,
2/16/2018 16:00:00,43.11,27.75,360.53,76.54,,,,,,,,,,
2/20/2018 16:00:00,42.96,27.4,358.69,75.75,,,,,,,,,,
2/21/2018 16:00:00,42.77,27.52,357.06,74.89,,,,,,,,,,
2/22/2018 16:00:00,43.13,27.71,355.41,75.86,,,,,,,,,,
2/23/2018 16:00:00,43.88,28.27,358.69,77.53,,,,,,,,,,
2/26/2018 16:00:00,44.74,27.83,358.7,78.84,,,,,,,,,,
2/27/2018 16:00:00,44.6,27.4,358.17,77.5,,,,,,,,,,
2/28/2018 16:00:00,44.53,27.17,352.44,75.74,,,,,,,,,,
3/1/2018 16:00:00,43.75,27.43,339.69,75.2,,,,,,,,,,
3/2/2018 16:00:00,44.05,27.7,341.72,75.55,,,,,,,,,,
3/5/2018 16:00:00,44.21,27.83,342.36,76.27,,,,,,,,,,
3/6/2018 16:00:00,44.17,27.86,339.5,76.18,,,,,,,,,,
3/7/2018 16:00:00,43.76,28.01,342.2,74.26,,,,,,,,,,
3/8/2018 16:00:00,44.24,27.96,341.78,74.12,,,,,,,,,,
3/9/2018 16:00:00,45,28.2,340.49,74.56,,,,,,,,,,
3/12/2018 16:00:00,45.43,28.22,333.1,75.24,,,,,,,,,,
3/13/2018 16:00:00,44.99,27.95,333.46,74.53,,,,,,,,,,
3/14/2018 16:00:00,44.61,27.95,331.68,73.6,,,,,,,,,,
3/15/2018 16:00:00,44.66,27.92,333.23,74.42,,,,,,,,,,
3/16/2018 16:00:00,44.51,27.61,331.4,75.12,,,,,,,,,,
3/19/2018 16:00:00,43.83,27.43,335.25,74.15,,,,,,,,,,
3/20/2018 16:00:00,43.81,27.17,335.6,73.99,,,,,,,,,,
3/21/2018 16:00:00,42.82,26.69,335.47,75.04,,,,,,,,,,
3/22/2018 16:00:00,42.21,26.19,327.15,73.5,,,,,,,,,,
3/23/2018 16:00:00,41.24,26.18,336.31,72.89,,,,,,,,,,
3/26/2018 16:00:00,43.19,26.34,343.93,74,,,,,,,,,,
3/27/2018 16:00:00,42.09,26.84,338.85,73.7,,,,,,,,,,
3/28/2018 16:00:00,41.62,26.9,335.33,72.81,,,,,,,,,,
3/29/2018 16:00:00,41.95,26.49,337.93,74.61,,,,,,,,,,
4/2/2018 16:00:00,41.67,26.69,333,73.22,,,,,,,,,,
4/3/2018 16:00:00,42.1,27.08,334.71,75.02,,,,,,,,,,
4/4/2018 16:00:00,42.9,27.27,341.79,74.87,,,,,,,,,,
4/5/2018 16:00:00,43.2,26.89,346.65,76.02,,,,,,,,,,
4/6/2018 16:00:00,42.1,26.54,334.66,74.87,,,,,,,,,,
4/9/2018 16:00:00,42.51,27.03,335.91,74.87,,,,,,,,,,
4/10/2018 16:00:00,43.31,26.6,339.36,77.07,,,,,,,,,,
4/11/2018 16:00:00,43.11,26.53,339.44,77.43,,,,,,,,,,
4/12/2018 16:00:00,43.54,26.52,342.88,77.22,,,,,,,,,,
4/13/2018 16:00:00,43.68,26.9,342.6,77.84,,,,,,,,,,
4/16/2018 16:00:00,43.96,26.69,345.7,78.54,,,,,,,,,,
4/17/2018 16:00:00,44.56,26.57,349.14,78.33,,,,,,,,,,
4/18/2018 16:00:00,44.46,26.28,351.15,79.22,,,,,,,,,,
4/19/2018 16:00:00,43.2,26.17,353.38,79.42,,,,,,,,,,
4/20/2018 16:00:00,41.43,26.33,351.99,79,,,,,,,,,,
4/23/2018 16:00:00,41.31,26.41,358.6,79.57,,,,,,,,,,
4/24/2018 16:00:00,40.74,26.57,336.49,78.35,,,,,,,,,,
4/25/2018 16:00:00,40.91,24.98,329.5,79.5,,,,,,,,,,
4/26/2018 16:00:00,41.06,24.94,330.4,80.86,,,,,,,,,,
4/27/2018 16:00:00,40.58,24.68,322.03,77.79,,,,,,,,,,
4/30/2018 16:00:00,41.32,24.56,320.84,77.75,,,,,,,,,,
5/1/2018 16:00:00,42.28,24.2,308.46,76.95,,,,,,,,,,
5/2/2018 16:00:00,44.14,24.1,305.7,76.8,,,,,,,,,,
5/3/2018 16:00:00,44.22,24.26,309.93,76.54,,,,,,,,,,
5/4/2018 16:00:00,45.96,24.18,311.44,76.9,,,,,,,,,,
5/7/2018 16:00:00,46.29,23.92,317.71,77.74,,,,,,,,,,
5/8/2018 16:00:00,46.51,23.7,324.19,78.09,,,,,,,,,,
5/9/2018 16:00:00,46.84,24.06,326.12,79.93,,,,,,,,,,
5/10/2018 16:00:00,47.51,24.37,324.49,81.72,,,,,,,,,,
5/11/2018 16:00:00,47.15,24.29,324.04,81.28,,,,,,,,,,
5/14/2018 16:00:00,47.04,24.22,319.08,81.83,,,,,,,,,,
5/15/2018 16:00:00,46.61,24.38,319.77,81.79,,,,,,,,,,
5/16/2018 16:00:00,47.05,24.1,319.33,82.02,,,,,,,,,,
5/17/2018 16:00:00,46.75,24.19,320.42,81.88,,,,,,,,,,
5/18/2018 16:00:00,46.58,24.6,320.45,81.3,,,,,,,,,,
5/21/2018 16:00:00,46.91,24.47,324.28,82.28,,,,,,,,,,
5/22/2018 16:00:00,46.79,24.4,317.13,81.64,,,,,,,,,,
5/23/2018 16:00:00,47.09,24.74,325.32,82.15,,,,,,,,,,
5/24/2018 16:00:00,47.04,24.54,326.35,80.27,,,,,,,,,,
5/25/2018 16:00:00,47.15,24.4,320.8,78.71,,,,,,,,,,
5/29/2018 16:00:00,46.98,24.58,317.2,78.42,,,,,,,,,,
5/30/2018 16:00:00,46.88,24.58,321.04,81.5,,,,,,,,,,
5/31/2018 16:00:00,46.72,24.5,319.04,81.24,,,,,,,,,,
6/1/2018 16:00:00,47.56,24.46,316.63,81.83,,,,,,,,,,
6/4/2018 16:00:00,47.96,24.66,318.17,80.97,,,,,,,,,,
6/5/2018 16:00:00,48.33,25.19,320.02,80.68,,,,,,,,,,
6/6/2018 16:00:00,48.5,25.52,319.91,82.06,,,,,,,,,,
6/7/2018 16:00:00,48.37,25.53,321.95,82.88,,,,,,,,,,
6/8/2018 16:00:00,47.93,25.8,322.31,83.6,,,,,,,,,,
6/11/2018 16:00:00,47.81,25.92,319.3,83.1,,,,,,,,,,
6/12/2018 16:00:00,48.07,24.32,315.16,82.42,,,,,,,,,,
6/13/2018 16:00:00,47.68,24.54,314.35,81.51,,,,,,,,,,
6/14/2018 16:00:00,47.7,25.02,310.59,81.89,,,,,,,,,,
6/15/2018 16:00:00,47.21,24.29,310.14,80.66,,,,,,,,,,
6/18/2018 16:00:00,47.19,24.44,309.52,80.82,,,,,,,,,,
6/19/2018 16:00:00,46.42,24.15,302.52,80.7,,,,,,,,,,
6/20/2018 16:00:00,46.63,23.85,302.86,80.45,,,,,,,,,,
6/21/2018 16:00:00,46.37,23.92,300.38,79.69,,,,,,,,,,
6/22/2018 16:00:00,46.23,23.93,299.38,81.38,,,,,,,,,,
6/25/2018 16:00:00,45.54,23.86,298.77,79.74,,,,,,,,,,
6/26/2018 16:00:00,46.11,23.89,299.08,80.64,,,,,,,,,,
6/27/2018 16:00:00,46.04,24.29,294.78,81.71,,,,,,,,,,
6/28/2018 16:00:00,46.38,24.23,295.24,81.97,,,,,,,,,,
6/29/2018 16:00:00,46.28,24.31,295.43,82.73,,,,,,,,,,
7/2/2018 16:00:00,46.8,24.69,299.12,81.76,,,,,,,,,,
7/3/2018 13:00:00,45.98,24.6,299.46,82.24,,,,,,,,,,
7/5/2018 16:00:00,46.35,24.66,299.19,82.31,,,,,,,,,,
7/6/2018 16:00:00,46.99,24.26,299.19,82.33,,,,,,,,,,
7/9/2018 16:00:00,47.65,24.53,306.48,82.9,,,,,,,,,,
7/10/2018 16:00:00,47.59,24.05,308.83,83.66,,,,,,,,,,
7/11/2018 16:00:00,46.97,24.32,306.58,82.59,,,,,,,,,,
7/12/2018 16:00:00,47.76,23.9,313.31,82.69,,,,,,,,,,
7/13/2018 16:00:00,47.83,24.07,318.37,83.31,,,,,,,,,,
7/16/2018 16:00:00,47.73,23.97,319.05,82.49,,,,,,,,,,
7/17/2018 16:00:00,47.86,23.93,317.5,82.31,,,,,,,,,,
7/18/2018 16:00:00,47.6,23.6,319.77,82.22,,,,,,,,,,
7/19/2018 16:00:00,47.97,23.47,319.6,82.01,,,,,,,,,,
7/20/2018 16:00:00,47.86,23.4,322.55,81.4,,,,,,,,,,
7/23/2018 16:00:00,47.86,23.91,318.33,81.4,,,,,,,,,,
7/24/2018 16:00:00,48.25,22.83,322.57,83.01,,,,,,,,,,
7/25/2018 16:00:00,48.71,22.9,324.36,83.59,,,,,,,,,,
7/26/2018 16:00:00,48.55,23.46,322.94,84.24,,,,,,,,,,
7/27/2018 16:00:00,47.75,24.15,324.09,81.92,,,,,,,,,,
7/30/2018 16:00:00,47.48,24.13,320.11,81.74,,,,,,,,,,
7/31/2018 16:00:00,47.57,24.07,326.1,81.51,,,,,,,,,,
8/1/2018 16:00:00,50.38,24.04,324.93,80.39,,,,,,,,,,
8/2/2018 16:00:00,51.85,24.35,322.02,79.91,,,,,,,,,,
8/3/2018 16:00:00,52,24.23,320.55,80.2,,,,,,,,,,
8/6/2018 16:00:00,52.27,24.45,316.92,80.18,,,,,,,,,,
8/7/2018 16:00:00,51.78,24.42,317.41,81.27,,,,,,,,,,
8/8/2018 16:00:00,51.81,24.52,315.31,80.73,,,,,,,,,,
8/9/2018 16:00:00,52.22,24.35,315.71,80.32,,,,,,,,,,
8/10/2018 16:00:00,51.88,24.31,313.12,79.42,,,,,,,,,,
8/13/2018 16:00:00,52.22,24.33,313.64,78.56,,,,,,,,,,
8/14/2018 16:00:00,52.44,24.5,318.59,78.31,,,,,,,,,,
8/15/2018 16:00:00,52.56,24.97,317.7,76.94,,,,,,,,,,
8/16/2018 16:00:00,53.33,24.93,325.86,78,,,,,,,,,,
8/17/2018 16:00:00,54.4,24.99,325.23,78.26,,,,,,,,,,
8/20/2018 16:00:00,53.87,25.21,324.22,78.81,,,,,,,,,,
8/21/2018 16:00:00,53.76,24.66,324.39,78.83,,,,,,,,,,
8/22/2018 16:00:00,53.76,24.52,321.92,79.96,,,,,,,,,,
8/23/2018 16:00:00,53.87,24.63,320.01,79.08,,,,,,,,,,
8/24/2018 16:00:00,54.04,24.78,321.29,79.62,,,,,,,,,,
8/27/2018 16:00:00,54.49,24.66,324.34,80.4,,,,,,,,,,
8/28/2018 16:00:00,54.93,24.32,324.34,80.28,,,,,,,,,,
8/29/2018 16:00:00,55.75,24.12,324.32,80.86,,,,,,,,,,
8/30/2018 16:00:00,56.26,24.1,321.85,80.51,,,,,,,,,,
8/31/2018 16:00:00,56.91,24.04,320.41,80.17,,,,,,,,,,
9/4/2018 16:00:00,57.09,24.17,321.91,80.29,,,,,,,,,,
9/5/2018 16:00:00,56.72,24.29,321.33,81.36,,,,,,,,,,
9/6/2018 16:00:00,55.78,24.24,328.91,80.46,,,,,,,,,,
9/7/2018 16:00:00,55.33,24.44,328.53,81.83,,,,,,,,,,
9/10/2018 16:00:00,54.58,24.66,322.95,81.71,,,,,,,,,,
9/11/2018 16:00:00,55.96,25.22,322.23,82.86,,,,,,,,,,
9/12/2018 16:00:00,55.27,25.42,325.28,83.13,,,,,,,,,,
9/13/2018 16:00:00,56.6,25.36,331.28,82.32,,,,,,,,,,
9/14/2018 16:00:00,55.96,25.37,335.8,82.92,,,,,,,,,,
9/17/2018 16:00:00,54.47,25.45,339.34,83.41,,,,,,,,,,
9/18/2018 16:00:00,54.56,25.18,343.22,83.63,,,,,,,,,,
9/19/2018 16:00:00,54.59,25.24,339.3,84.63,,,,,,,,,,
9/20/2018 16:00:00,55.01,25.49,333.13,84.82,,,,,,,,,,
9/21/2018 16:00:00,54.42,25.59,337.66,85.17,,,,,,,,,,
9/24/2018 16:00:00,55.2,25.48,337.58,86.6,,,,,,,,,,
9/25/2018 16:00:00,55.55,25.17,343.54,86.5,,,,,,,,,,
9/26/2018 16:00:00,55.11,25.22,342.88,85.78,,,,,,,,,,
9/27/2018 16:00:00,56.24,25.34,346.05,85.77,,,,,,,,,,
9/28/2018 16:00:00,56.44,25.27,345.96,85.02,,,,,,,,,,
10/1/2018 16:00:00,56.82,25.6,347.93,85.81,,,,,,,,,,
10/2/2018 16:00:00,57.32,25.6,349.07,86.46,,,,,,,,,,
10/3/2018 16:00:00,58.02,25.75,347.44,86.15,,,,,,,,,,
10/4/2018 16:00:00,57,25.65,349.46,85.58,,,,,,,,,,
10/5/2018 16:00:00,56.07,25.74,347.21,85.34,,,,,,,,,,
10/8/2018 16:00:00,55.94,25.28,349.93,86.13,,,,,,,,,,
10/9/2018 16:00:00,56.72,24.79,347.31,86.51,,,,,,,,,,
10/10/2018 16:00:00,54.09,23.96,336.75,84.52,,,,,,,,,,
10/11/2018 16:00:00,53.61,24.34,326.26,81.6,,,,,,,,,,
10/12/2018 16:00:00,55.53,24.42,327.62,81.38,,,,,,,,,,
10/15/2018 16:00:00,54.34,24.44,331.24,80.82,,,,,,,,,,
10/16/2018 16:00:00,55.54,24.58,337.13,81.2,,,,,,,,,,
10/17/2018 16:00:00,55.3,24.53,333.4,81.5,,,,,,,,,,
10/18/2018 16:00:00,54.01,24.81,328,81.85,,,,,,,,,,
10/19/2018 16:00:00,54.83,24.66,328.14,81.97,,,,,,,,,,
10/22/2018 16:00:00,55.16,24.92,326.78,81.15,,,,,,,,,,
10/23/2018 16:00:00,55.68,22.91,321.35,79.84,,,,,,,,,,
10/24/2018 16:00:00,53.77,22.63,311.13,77.62,,,,,,,,,,
10/25/2018 16:00:00,54.95,21.95,306.41,78.31,,,,,,,,,,
10/26/2018 16:00:00,54.08,22.37,305.05,77.53,,,,,,,,,,
10/29/2018 16:00:00,53.06,23,286.67,77.05,,,,,,,,,,
10/30/2018 16:00:00,53.33,23.15,291.07,78.78,,,,,,,,,,
10/31/2018 16:00:00,54.72,23.01,293.85,79.68,,,,,,,,,,
11/1/2018 16:00:00,55.56,23.03,299.42,80.67,,,,,,,,,,
11/2/2018 16:00:00,51.87,23.12,299.28,81.95,,,,,,,,,,
11/5/2018 16:00:00,50.4,23.37,303.21,81.64,,,,,,,,,,
11/6/2018 16:00:00,50.94,23.47,306.56,81.99,,,,,,,,,,
11/7/2018 16:00:00,52.49,23.43,309.82,83.03,,,,,,,,,,
11/8/2018 16:00:00,52.12,23.16,308.56,81.71,,,,,,,,,,
11/9/2018 16:00:00,51.12,23.23,313.12,80.87,,,,,,,,,,
11/12/2018 16:00:00,48.54,22.89,305.12,79.83,,,,,,,,,,
11/13/2018 16:00:00,48.06,23.03,305.74,78,,,,,,,,,,
11/14/2018 16:00:00,46.7,22.73,303.39,77.39,,,,,,,,,,
11/15/2018 16:00:00,47.85,22.86,305.48,78.19,,,,,,,,,,
11/16/2018 16:00:00,48.38,22.9,301.24,78.96,,,,,,,,,,
11/19/2018 16:00:00,46.47,22.2,294.59,79.22,,,,,,,,,,
11/20/2018 16:00:00,44.25,22.47,293.86,76.97,,,,,,,,,,
11/21/2018 16:00:00,44.2,22.16,294.29,77.56,,,,,,,,,,
11/23/2018 13:00:00,43.07,22.6,295.38,75.49,,,,,,,,,,
11/26/2018 16:00:00,43.66,22.97,295.28,76.98,,,,,,,,,,
11/27/2018 16:00:00,43.56,23.2,295.29,77.05,,,,,,,,,,
11/28/2018 16:00:00,45.24,23.07,299.94,78.45,,,,,,,,,,
11/29/2018 16:00:00,44.89,23.58,302.42,79.06,,,,,,,,,,
11/30/2018 16:00:00,44.65,23.93,300.43,79.5,,,,,,,,,,
12/3/2018 16:00:00,46.21,23.19,296.79,81.22,,,,,,,,,,
12/4/2018 16:00:00,44.17,23.04,286.73,79.43,,,,,,,,,,
12/6/2018 16:00:00,43.68,22.75,286.35,78.39,,,,,,,,,,
12/7/2018 16:00:00,42.12,22.57,285.4,77.64,,,,,,,,,,
12/10/2018 16:00:00,42.4,22.41,298.4,76.54,,,,,,,,,,
12/11/2018 16:00:00,42.16,22.76,292.15,76.68,,,,,,,,,,
12/12/2018 16:00:00,42.28,22.57,292.5,76.02,,,,,,,,,,
12/13/2018 16:00:00,42.74,22.81,292.23,76.98,,,,,,,,,,
12/14/2018 16:00:00,41.37,22.54,287.7,75.58,,,,,,,,,,
12/17/2018 16:00:00,40.99,22.45,279.23,74.04,,,,,,,,,,
12/18/2018 16:00:00,41.52,22.5,279.47,72,,,,,,,,,,
12/19/2018 16:00:00,40.22,21.62,273.96,70.78,,,,,,,,,,
12/20/2018 16:00:00,39.21,21.37,265.29,68.63,,,,,,,,,,
12/21/2018 16:00:00,37.68,20.65,256.55,68.12,,,,,,,,,,
12/24/2018 13:00:00,36.71,21.19,245.22,65.51,,,,,,,,,,
12/26/2018 16:00:00,39.29,21.24,251.62,68.64,,,,,,,,,,
12/27/2018 16:00:00,39.04,21.48,259.79,68.94,,,,,,,,,,
12/28/2018 16:00:00,39.06,21.54,261.26,68.17,,,,,,,,,,
12/31/2018 16:00:00,39.44,22.29,261.84,68.19,,,,,,,,,,
1/2/2019 16:00:00,39.48,22.32,264.73,69.69,,,,,,,,,,
1/3/2019 16:00:00,35.55,22.9,258.08,68.62,,,,,,,,,,
1/4/2019 16:00:00,37.07,23.31,265.04,71.15,,,,,,,,,,
1/7/2019 16:00:00,36.98,23.61,268.08,71.52,,,,,,,,,,
1/8/2019 16:00:00,37.69,22.72,269.87,72.04,,,,,,,,,,
1/9/2019 16:00:00,38.33,22.94,270.54,72.42,,,,,,,,,,
1/10/2019 16:00:00,38.45,23.3,277.5,72.05,,,,,,,,,,
1/11/2019 16:00:00,38.07,23.11,277.73,71.72,,,,,,,,,,
1/14/2019 16:00:00,37.5,23.09,277.51,71.63,,,,,,,,,,
1/15/2019 16:00:00,38.27,23.06,276,71.67,,,,,,,,,,
1/16/2019 16:00:00,38.74,23.12,272.39,71.64,,,,,,,,,,
1/17/2019 16:00:00,38.97,23.37,278.8,72.13,,,,,,,,,,
1/18/2019 16:00:00,39.21,23.08,282.87,72.99,,,,,,,,,,
1/22/2019 16:00:00,38.33,23.31,279.59,71.89,,,,,,,,,,
1/23/2019 16:00:00,38.48,23.09,283.51,71.3,,,,,,,,,,
1/24/2019 16:00:00,38.17,23.14,285.25,71.4,,,,,,,,,,
1/25/2019 16:00:00,39.44,23.15,287.04,71.72,,,,,,,,,,
1/28/2019 16:00:00,39.08,23.17,287.87,71.24,,,,,,,,,,
1/29/2019 16:00:00,38.67,22.17,292.05,71.51,,,,,,,,,,
1/30/2019 16:00:00,41.31,22.69,291.67,72.29,,,,,,,,,,
1/31/2019 16:00:00,41.61,22.64,289.69,73.28,,,,,,,,,,
2/1/2019 16:00:00,41.63,22.35,290.58,75.92,,,,,,,,,,
2/4/2019 16:00:00,42.81,22.36,298.77,74.82,,,,,,,,,,
2/5/2019 16:00:00,43.55,22.31,299.46,75.59,,,,,,,,,,
2/6/2019 16:00:00,43.56,22.23,299.83,75.26,,,,,,,,,,
2/7/2019 16:00:00,42.74,22.3,300.13,74.68,,,,,,,,,,
2/8/2019 16:00:00,42.6,22.42,301.5,73.98,,,,,,,,,,
2/11/2019 16:00:00,42.36,22.5,300.04,74.1,,,,,,,,,,
2/12/2019 16:00:00,42.72,22.52,304.11,75.4,,,,,,,,,,
2/13/2019 16:00:00,42.55,22.48,304.42,76.25,,,,,,,,,,
2/14/2019 16:00:00,42.7,23,301,76.27,,,,,,,,,,
2/15/2019 16:00:00,42.61,23.12,307.23,77.71,,,,,,,,,,
2/19/2019 16:00:00,42.73,23.28,305.18,78.23,,,,,,,,,,
2/20/2019 16:00:00,43.01,23.27,307.2,78.53,,,,,,,,,,
2/21/2019 16:00:00,42.77,23.51,304.51,77.82,,,,,,,,,,
2/22/2019 16:00:00,43.24,23.49,307.13,78.42,,,,,,,,,,
2/25/2019 16:00:00,43.56,23.56,305.97,78.5,,,,,,,,,,
2/26/2019 16:00:00,43.58,23.44,305.88,78.66,,,,,,,,,,
2/27/2019 16:00:00,43.72,23.49,307.58,79.47,,,,,,,,,,
2/28/2019 16:00:00,43.29,23.26,309.41,79.03,,,,,,,,,,
3/1/2019 16:00:00,43.74,22.63,309.47,80,,,,,,,,,,
3/4/2019 16:00:00,43.96,22.6,304.69,80.31,,,,,,,,,,
3/5/2019 16:00:00,43.88,22.5,305.76,80.19,,,,,,,,,,
3/6/2019 16:00:00,43.63,22.58,303.32,79.28,,,,,,,,,,
3/7/2019 16:00:00,43.13,22.61,303.01,80.16,,,,,,,,,,
3/8/2019 16:00:00,43.23,22.81,300.95,79.01,,,,,,,,,,
3/11/2019 16:00:00,44.73,23.12,304.4,79.78,,,,,,,,,,
3/12/2019 16:00:00,45.23,22.85,301.92,80,,,,,,,,,,
3/13/2019 16:00:00,45.43,22.85,303.45,80.71,,,,,,,,,,
3/14/2019 16:00:00,45.93,23.15,298.51,80.44,,,,,,,,,,
3/15/2019 16:00:00,46.53,23.24,296.15,80.15,,,,,,,,,,
3/18/2019 16:00:00,47.01,23.15,297.64,81.08,,,,,,,,,,
3/19/2019 16:00:00,46.63,23.03,296.6,80.87,,,,,,,,,,
3/20/2019 16:00:00,47.04,23.44,295.98,81.32,,,,,,,,,,
3/21/2019 16:00:00,48.77,23.45,299.01,81.79,,,,,,,,,,
3/22/2019 16:00:00,47.76,23.22,294.01,80.48,,,,,,,,,,
3/25/2019 16:00:00,47.19,23.69,294.12,79.92,,,,,,,,,,
3/26/2019 16:00:00,46.7,23.7,294.92,80.96,,,,,,,,,,
3/27/2019 16:00:00,47.12,23.4,293.95,80.34,,,,,,,,,,
3/28/2019 16:00:00,47.18,23.67,295.6,80.74,,,,,,,,,,
3/29/2019 16:00:00,47.49,24.11,300.16,80.8,,,,,,,,,,
4/1/2019 16:00:00,47.81,23.87,304.29,81.73,,,,,,,,,,
4/2/2019 16:00:00,48.51,24.05,303.1,81.38,,,,,,,,,,
4/3/2019 16:00:00,48.84,24.14,297.27,80.9,,,,,,,,,,
4/4/2019 16:00:00,48.92,24.41,299.67,82.05,,,,,,,,,,
4/5/2019 16:00:00,49.25,24.44,302.58,82.49,,,,,,,,,,
4/8/2019 16:00:00,50.03,23.96,305.66,83,,,,,,,,,,
4/9/2019 16:00:00,49.88,24.06,302.68,81.93,,,,,,,,,,
4/10/2019 16:00:00,50.16,24.3,299.12,81.56,,,,,,,,,,
4/11/2019 16:00:00,49.74,24.3,305.59,81.95,,,,,,,,,,
4/12/2019 16:00:00,49.72,24.17,309.7,80.92,,,,,,,,,,
4/15/2019 16:00:00,49.81,24.34,308.71,80.65,,,,,,,,,,
4/16/2019 16:00:00,49.81,24.11,310.06,81.2,,,,,,,,,,
4/17/2019 16:00:00,50.78,24.17,310.5,81.43,,,,,,,,,,
4/18/2019 16:00:00,50.97,24.21,314.26,81.13,,,,,,,,,,
4/22/2019 16:00:00,51.13,24.23,315.26,82.9,,,,,,,,,,
4/23/2019 16:00:00,51.87,23.24,333.1,83.38,,,,,,,,,,
4/24/2019 16:00:00,51.79,22.9,330.12,81.76,,,,,,,,,,
4/25/2019 16:00:00,51.32,23.15,328.87,82.22,,,,,,,,,,
4/26/2019 16:00:00,51.08,23.3,328.33,80.49,,,,,,,,,,
4/29/2019 16:00:00,51.15,23.37,328.59,79.97,,,,,,,,,,
4/30/2019 16:00:00,50.17,23.24,333.33,80.28,,,,,,,,,,
5/1/2019 16:00:00,52.63,23.11,331.85,78.67,,,,,,,,,,
5/2/2019 16:00:00,52.29,23.17,332.55,77.29,,,,,,,,,,
5/3/2019 16:00:00,52.94,23.09,334.07,77.47,,,,,,,,,,
5/6/2019 16:00:00,52.12,23.04,335.72,77.13,,,,,,,,,,
5/7/2019 16:00:00,50.72,22.87,330.9,76.72,,,,,,,,,,
5/8/2019 16:00:00,50.73,22.93,334.18,76.84,,,,,,,,,,
5/9/2019 16:00:00,50.18,23.11,339.36,76.77,,,,,,,,,,
5/10/2019 16:00:00,49.3,23,341.35,76.56,,,,,,,,,,
5/13/2019 16:00:00,46.43,23.46,335.37,75.71,,,,,,,,,,
5/14/2019 16:00:00,47.17,23.58,336.17,75.81,,,,,,,,,,
5/15/2019 16:00:00,47.73,23.86,334.15,76.37,,,,,,,,,,
5/16/2019 16:00:00,47.52,24,339.39,76.36,,,,,,,,,,
5/17/2019 16:00:00,47.25,24.29,337.99,75.91,,,,,,,,,,
5/20/2019 16:00:00,45.77,24.46,342.01,75.9,,,,,,,,,,
5/21/2019 16:00:00,46.65,24.36,343.95,76.25,,,,,,,,,,
5/22/2019 16:00:00,45.7,24.26,341.3,75.56,,,,,,,,,,
5/23/2019 16:00:00,44.92,24.35,340.07,73.79,,,,,,,,,,
5/24/2019 16:00:00,44.74,24.1,338.78,74.1,,,,,,,,,,
5/28/2019 16:00:00,44.56,24.08,337.89,72.61,,,,,,,,,,
5/29/2019 16:00:00,44.35,24.04,339.34,72.16,,,,,,,,,,
5/30/2019 16:00:00,44.58,23.08,341.96,71.97,,,,,,,,,,
5/31/2019 16:00:00,43.77,23.46,338.54,70.77,,,,,,,,,,
6/3/2019 16:00:00,43.33,23.76,344.57,71.88,,,,,,,,,,
6/4/2019 16:00:00,44.91,23.91,349.35,73.59,,,,,,,,,,
6/5/2019 16:00:00,45.64,24.23,352.7,72.98,,,,,,,,,,
6/6/2019 16:00:00,46.31,24.52,352.52,74.31,,,,,,,,,,
6/7/2019 16:00:00,47.54,24.1,355.23,74.58,,,,,,,,,,
6/10/2019 16:00:00,48.15,24.23,351.6,74.91,,,,,,,,,,
6/11/2019 16:00:00,48.7,24.29,344.04,74.84,,,,,,,,,,
6/12/2019 16:00:00,48.55,24.37,345.51,74.03,,,,,,,,,,
6/13/2019 16:00:00,48.54,24.41,349.08,74.68,,,,,,,,,,
6/14/2019 16:00:00,48.19,24.38,350.14,74.35,,,,,,,,,,
6/17/2019 16:00:00,48.47,24.48,348.69,75.09,,,,,,,,,,
6/18/2019 16:00:00,49.61,24.46,353.52,75.74,,,,,,,,,,
6/19/2019 16:00:00,49.47,24.56,355.73,75.32,,,,,,,,,,
6/20/2019 16:00:00,49.87,24.49,362.8,76.61,,,,,,,,,,
6/21/2019 16:00:00,49.7,24.59,359.36,77.69,,,,,,,,,,
6/24/2019 16:00:00,49.65,24.57,359.98,76.95,,,,,,,,,,
6/25/2019 16:00:00,48.89,24.55,360.56,76.27,,,,,,,,,,
6/26/2019 16:00:00,49.95,24.89,359.5,76.6,,,,,,,,,,
6/27/2019 16:00:00,49.94,25.29,359.09,75.82,,,,,,,,,,
6/28/2019 16:00:00,49.48,25.23,363.54,76.63,,,,,,,,,,
7/1/2019 16:00:00,50.39,25.54,361.47,76.56,,,,,,,,,,
7/2/2019 16:00:00,50.68,25.64,367.57,75.72,,,,,,,,,,
7/3/2019 13:00:00,51.1,25.89,370.38,76.44,,,,,,,,,,
7/5/2019 16:00:00,51.06,25.85,369.92,76.13,,,,,,,,,,
7/8/2019 16:00:00,50.01,25.31,369.18,76.48,,,,,,,,,,
7/9/2019 16:00:00,50.31,25.48,369.73,76.43,,,,,,,,,,
7/10/2019 16:00:00,50.81,25.25,368.16,77.51,,,,,,,,,,
7/11/2019 16:00:00,50.44,25.4,368.23,77.57,,,,,,,,,,
7/12/2019 16:00:00,50.83,25.44,369.45,77.63,,,,,,,,,,
7/15/2019 16:00:00,51.3,25.34,367.69,77.08,,,,,,,,,,
7/16/2019 16:00:00,51.13,25.1,365.35,75.93,,,,,,,,,,
7/17/2019 16:00:00,50.84,24.97,358.47,75.48,,,,,,,,,,
7/18/2019 16:00:00,51.42,24.75,356.21,74.84,,,,,,,,,,
7/19/2019 16:00:00,50.65,24.25,356.96,74.99,,,,,,,,,,
7/22/2019 16:00:00,51.81,24.22,357.63,75.07,,,,,,,,,,
7/23/2019 16:00:00,52.21,25.09,357.8,75.37,,,,,,,,,,
7/24/2019 16:00:00,52.17,25.52,368.9,75.36,,,,,,,,,,
7/25/2019 16:00:00,51.76,25.77,370.32,74.93,,,,,,,,,,
7/26/2019 16:00:00,51.94,25.92,369.46,74.81,,,,,,,,,,
7/29/2019 16:00:00,52.42,25.8,369.62,75.34,,,,,,,,,,
7/30/2019 16:00:00,52.2,25.7,365.99,75.35,,,,,,,,,,
7/31/2019 16:00:00,53.26,25.75,362.17,74.36,,,,,,,,,,
8/1/2019 16:00:00,52.11,25.79,363.09,72.46,,,,,,,,,,
8/2/2019 16:00:00,51.01,25.27,361.91,71.75,,,,,,,,,,
8/5/2019 16:00:00,48.34,25.63,358.43,70.28,,,,,,,,,,
8/6/2019 16:00:00,49.25,25.7,366.78,70.96,,,,,,,,,,
8/7/2019 16:00:00,49.76,26.07,369.3,70.5,,,,,,,,,,
8/8/2019 16:00:00,50.86,26.07,377.17,72.38,,,,,,,,,,
8/9/2019 16:00:00,50.25,26.02,377.01,70.84,,,,,,,,,,
8/12/2019 16:00:00,50.12,26.31,377,69.63,,,,,,,,,,
8/13/2019 16:00:00,52.24,25.73,377.22,70.49,,,,,,,,,,
8/14/2019 16:00:00,50.69,25.92,368.94,67.65,,,,,,,,,,
8/15/2019 16:00:00,50.44,26.39,373.46,67.25,,,,,,,,,,
8/16/2019 16:00:00,51.63,26.7,377,68.3,,,,,,,,,,
8/19/2019 16:00:00,52.59,26.4,380.47,69.45,,,,,,,,,,
8/20/2019 16:00:00,52.59,26.53,381.75,69.03,,,,,,,,,,
8/21/2019 16:00:00,53.16,26.71,383,69.72,,,,,,,,,,
8/22/2019 16:00:00,53.12,26.28,385.88,69.57,,,,,,,,,,
8/23/2019 16:00:00,50.66,26.36,376.89,67.49,,,,,,,,,,
8/26/2019 16:00:00,51.62,26.2,380.32,67.85,,,,,,,,,,
8/27/2019 16:00:00,51.04,26.38,379.99,67.19,,,,,,,,,,
8/28/2019 16:00:00,51.38,26.53,380.97,67.68,,,,,,,,,,
8/29/2019 16:00:00,52.25,26.61,384.43,68.43,,,,,,,,,,
8/30/2019 16:00:00,52.19,26.7,384.11,68.48,,,,,,,,,,
9/3/2019 16:00:00,51.43,26.96,384.69,68.56,,,,,,,,,,
9/4/2019 16:00:00,52.3,27.09,389.08,69.29,,,,,,,,,,
9/5/2019 16:00:00,53.32,27.36,385.15,70.27,,,,,,,,,,
9/6/2019 16:00:00,53.32,27.77,386.56,70.93,,,,,,,,,,
9/9/2019 16:00:00,53.54,28.36,380.21,71.49,,,,,,,,,,
9/10/2019 16:00:00,54.18,29.24,381.32,72.07,,,,,,,,,,
9/11/2019 16:00:00,55.9,28.97,381.55,71.93,,,,,,,,,,
9/12/2019 16:00:00,55.77,28.61,386.63,71.98,,,,,,,,,,
9/13/2019 16:00:00,54.69,28.16,384.86,72.64,,,,,,,,,,
9/16/2019 16:00:00,54.98,28.04,392.66,73.73,,,,,,,,,,
9/17/2019 16:00:00,55.18,27.74,393.98,73.17,,,,,,,,,,
9/18/2019 16:00:00,55.69,28.04,397.04,72.82,,,,,,,,,,
9/19/2019 16:00:00,55.24,28.61,393.43,72.33,,,,,,,,,,
9/20/2019 16:00:00,54.43,28.38,388.25,72.08,,,,,,,,,,
9/23/2019 16:00:00,54.68,28.21,387.67,72.13,,,,,,,,,,
9/24/2019 16:00:00,54.42,28.21,389.17,71.14,,,,,,,,,,
9/25/2019 16:00:00,55.26,28.21,390.43,71.35,,,,,,,,,,
9/26/2019 16:00:00,54.97,28.25,392.92,70.97,,,,,,,,,,
9/27/2019 16:00:00,54.71,28.56,387.87,71.48,,,,,,,,,,
9/30/2019 16:00:00,55.99,28.23,390.06,70.61,,,,,,,,,,
10/1/2019 16:00:00,56.15,27.98,384.19,68.95,,,,,,,,,,
10/2/2019 16:00:00,54.74,28.07,378.16,67.15,,,,,,,,,,
10/3/2019 16:00:00,55.21,28.31,380.06,67.98,,,,,,,,,,
10/4/2019 16:00:00,56.75,28.42,384.95,68.97,,,,,,,,,,
10/7/2019 16:00:00,56.77,28.29,383.78,68.02,,,,,,,,,,
10/8/2019 16:00:00,56.1,27.96,382.12,66.7,,,,,,,,,,
10/9/2019 16:00:00,56.76,28.24,384.61,67.44,,,,,,,,,,
10/10/2019 16:00:00,57.52,28.36,386.88,68.25,,,,,,,,,,
10/11/2019 16:00:00,59.05,28.28,381.47,68.98,,,,,,,,,,
10/14/2019 16:00:00,58.97,28.6,382.61,69.18,,,,,,,,,,
10/15/2019 16:00:00,58.83,28.52,382.75,69.42,,,,,,,,,,
10/16/2019 16:00:00,58.59,28.53,382.84,68.23,,,,,,,,,,
10/17/2019 16:00:00,58.82,29.03,377.06,68.14,,,,,,,,,,
10/18/2019 16:00:00,59.1,28.85,372.48,67.61,,,,,,,,,,
10/21/2019 16:00:00,60.13,28.81,374.05,68.74,,,,,,,,,,
10/22/2019 16:00:00,59.99,28.48,373.68,69.09,,,,,,,,,,
10/23/2019 16:00:00,60.8,27.79,373.09,69.75,,,,,,,,,,
10/24/2019 16:00:00,60.9,27.86,374.74,69.09,,,,,,,,,,
10/25/2019 16:00:00,61.65,29.05,370.73,69.25,,,,,,,,,,
10/28/2019 16:00:00,62.26,28.72,371.84,68.64,,,,,,,,,,
10/29/2019 16:00:00,60.82,28.83,371.1,68.44,,,,,,,,,,
10/30/2019 16:00:00,60.82,29.05,378.64,67.72,,,,,,,,,,
10/31/2019 16:00:00,62.19,29.4,376.68,67.57,,,,,,,,,,
11/1/2019 16:00:00,63.96,29.35,379.17,69.6,,,,,,,,,,
11/4/2019 16:00:00,64.38,29.56,374.48,71.67,,,,,,,,,,
11/5/2019 16:00:00,64.28,29.62,373.63,73.09,,,,,,,,,,
11/6/2019 16:00:00,64.31,29.62,379.79,71.49,,,,,,,,,,
11/7/2019 16:00:00,64.86,29.72,378.75,73.01,,,,,,,,,,
11/8/2019 16:00:00,65.04,29.71,381.86,70.77,,,,,,,,,,
11/11/2019 16:00:00,65.55,29.56,381.38,70.34,,,,,,,,,,
11/12/2019 16:00:00,65.49,29.55,386.3,69.37,,,,,,,,,,
11/13/2019 16:00:00,66.12,29.4,387.69,68.8,,,,,,,,,,
11/14/2019 16:00:00,65.66,29.81,390.16,68.5,,,,,,,,,,
11/15/2019 16:00:00,66.44,29.91,393.55,69.19,,,,,,,,,,
11/18/2019 16:00:00,66.78,28.68,392.76,68.52,,,,,,,,,,
11/19/2019 16:00:00,66.57,28.06,390.81,67.82,,,,,,,,,,
11/20/2019 16:00:00,65.8,28.38,392.7,68.03,,,,,,,,,,
11/21/2019 16:00:00,65.5,28.49,390.26,69.67,,,,,,,,,,
11/22/2019 16:00:00,65.44,28.12,390.74,69.37,,,,,,,,,,
11/25/2019 16:00:00,66.59,28.23,389.98,68.91,,,,,,,,,,
11/26/2019 16:00:00,66.07,28.42,392.5,68.74,,,,,,,,,,
11/27/2019 16:00:00,66.96,28.21,394.24,68.7,,,,,,,,,,
11/29/2019 13:00:00,66.81,28.17,391.03,68.13,,,,,,,,,,
12/2/2019 16:00:00,66.04,28.34,383.62,68.42,,,,,,,,,,
12/3/2019 16:00:00,64.86,28.75,381.62,67.88,,,,,,,,,,
12/4/2019 16:00:00,65.44,28.82,384.58,68.65,,,,,,,,,,
12/5/2019 16:00:00,66.4,28.83,385.94,68.41,,,,,,,,,,
12/6/2019 16:00:00,67.68,28.71,386.86,69.51,,,,,,,,,,
12/9/2019 16:00:00,66.73,28.72,383.34,69.66,,,,,,,,,,
12/10/2019 16:00:00,67.12,28.81,384.44,69.06,,,,,,,,,,
12/11/2019 16:00:00,67.69,28.94,386.24,68.96,,,,,,,,,,
12/12/2019 16:00:00,67.86,28.87,384.05,70.34,,,,,,,,,,
12/13/2019 16:00:00,68.79,29.12,386.47,69.23,,,,,,,,,,
12/16/2019 16:00:00,69.97,29.06,385.95,70,,,,,,,,,,
12/17/2019 16:00:00,70.1,29.24,386.89,69.68,,,,,,,,,,
12/18/2019 16:00:00,69.94,29.38,380.57,69.87,,,,,,,,,,
12/19/2019 16:00:00,70.01,29.55,383.15,69.39,,,,,,,,,,
12/20/2019 16:00:00,69.86,29.49,386.47,69.94,,,,,,,,,,
12/23/2019 16:00:00,71,29.4,391.9,70.29,,,,,,,,,,
12/24/2019 13:00:00,71.07,29.55,390.17,70.02,,,,,,,,,,
12/26/2019 16:00:00,72.48,29.61,392.3,70.13,,,,,,,,,,
12/27/2019 16:00:00,72.45,29.46,393.6,69.89,,,,,,,,,,
12/30/2019 16:00:00,72.88,29.49,391.9,69.48,,,,,,,,,,
12/31/2019 16:00:00,73.41,,389.38,69.78,,,,,,,,,,
,,,,,,,,,,,,,,
,,,,,,,,,,,,,,
,,,,,,,,,,,,,,
,,,,,,,,,,,,,,
,,,,,,,,,,,,,,
,,,,,,,,,,,,,,
,,,,,,,,,,,,,,
,,,,,,,,,,,,,,
,,,,,,,,,,,,,,
,,,,,,,,,,,,,,
,,,,,,,,,,,,,,
,,,,,,,,,,,,,,
,,,,,,,,,,,,,,
,,,,,,,,,,,,,,
,,,,,,,,,,,,,,
,,,,,,,,,,,,,,
,,,,,,,,,,,,,,
,,,,,,,,,,,,,,
,,,,,,,,,,,,,,
,,,,,,,,,,,,,,
,,,,,,,,,,,,,,
,,,,,,,,,,,,,,
,,,,,,,,,,,,,,
,,,,,,,,,,,,,,
,,,,,,,,,,,,,,
,,,,,,,,,,,,,,
,,,,,,,,,,,,,,
,,,,,,,,,,,,,,
,,,,,,,,,,,,,,
,,,,,,,,,,,,,,
,,,,,,,,,,,,,,
,,,,,,,,,,,,,,
,,,,,,,,,,,,,,
,,,,,,,,,,,,,,
,,,,,,,,,,,,,,
,,,,,,,,,,,,,,
,,,,,,,,,,,,,,
,,,,,,,,,,,,,,
,,,,,,,,,,,,,,
,,,,,,,,,,,,,,
,,,,,,,,,,,,,,
,,,,,,,,,,,,,,
,,,,,,,,,,,,,,
,,,,,,,,,,,,,,
,,,,,,,,,,,,,,
,,,,,,,,,,,,,,
,,,,,,,,,,,,,,
,,,,,,,,,,,,,,
,,,,,,,,,,,,,,
,,,,,,,,,,,,,,
,,,,,,,,,,,,,,
,,,,,,,,,,,,,,
,,,,,,,,,,,,,,
,,,,,,,,,,,,,,
,,,,,,,,,,,,,,
,,,,,,,,,,,,,,
,,,,,,,,,,,,,,
,,,,,,,,,,,,,,
,,,,,,,,,,,,,,
,,,,,,,,,,,,,,
,,,,,,,,,,,,,,
,,,,,,,,,,,,,,
,,,,,,,,,,,,,,
,,,,,,,,,,,,,,
,,,,,,,,,,,,,,
,,,,,,,,,,,,,,
,,,,,,,,,,,,,,
,,,,,,,,,,,,,,
,,,,,,,,,,,,,,
,,,,,,,,,,,,,,
,,,,,,,,,,,,,,
,,,,,,,,,,,,,,
,,,,,,,,,,,,,,
,,,,,,,,,,,,,,
,,,,,,,,,,,,,,
,,,,,,,,,,,,,,
,,,,,,,,,,,,,,
,,,,,,,,,,,,,,
,,,,,,,,,,,,,,
,,,,,,,,,,,,,,
,,,,,,,,,,,,,,
,,,,,,,,,,,,,,
,,,,,,,,,,,,,,
,,,,,,,,,,,,,,
,,,,,,,,,,,,,,
,,,,,,,,,,,,,,
,,,,,,,,,,,,,,
,,,,,,,,,,,,,,
,,,,,,,,,,,,,,
,,,,,,,,,,,,,,
,,,,,,,,,,,,,,
,,,,,,,,,,,,,,
,,,,,,,,,,,,,,
,,,,,,,,,,,,,,
,,,,,,,,,,,,,,
,,,,,,,,,,,,,,
,,,,,,,,,,,,,,
,,,,,,,,,,,,,,
,,,,,,,,,,,,,,
,,,,,,,,,,,,,,
,,,,,,,,,,,,,,
,,,,,,,,,,,,,,
,,,,,,,,,,,,,,
,,,,,,,,,,,,,,
,,,,,,,,,,,,,,
,,,,,,,,,,,,,,
,,,,,,,,,,,,,,
,,,,,,,,,,,,,,
,,,,,,,,,,,,,,
,,,,,,,,,,,,,,
,,,,,,,,,,,,,,
,,,,,,,,,,,,,,
,,,,,,,,,,,,,,
,,,,,,,,,,,,,,
,,,,,,,,,,,,,,
,,,,,,,,,,,,,,
,,,,,,,,,,,,,,
,,,,,,,,,,,,,,
,,,,,,,,,,,,,,
,,,,,,,,,,,,,,
,,,,,,,,,,,,,,
,,,,,,,,,,,,,,
,,,,,,,,,,,,,,
,,,,,,,,,,,,,,
,,,,,,,,,,,,,,
,,,,,,,,,,,,,,
,,,,,,,,,,,,,,
,,,,,,,,,,,,,,
,,,,,,,,,,,,,,
,,,,,,,,,,,,,,
,,,,,,,,,,,,,,
,,,,,,,,,,,,,,
,,,,,,,,,,,,,,
,,,,,,,,,,,,,,
,,,,,,,,,,,,,,
,,,,,,,,,,,,,,
,,,,,,,,,,,,,,
,,,,,,,,,,,,,,
,,,,,,,,,,,,,,
,,,,,,,,,,,,,,
,,,,,,,,,,,,,,
,,,,,,,,,,,,,,
,,,,,,,,,,,,,,
,,,,,,,,,,,,,,
,,,,,,,,,,,,,,
,,,,,,,,,,,,,,
,,,,,,,,,,,,,,
,,,,,,,,,,,,,,
,,,,,,,,,,,,,,
,,,,,,,,,,,,,,
,,,,,,,,,,,,,,
,,,,,,,,,,,,,,
,,,,,,,,,,,,,,
,,,,,,,,,,,,,,
,,,,,,,,,,,,,,
,,,,,,,,,,,,,,
,,,,,,,,,,,,,,
,,,,,,,,,,,,,,
,,,,,,,,,,,,,,
,,,,,,,,,,,,,,
,,,,,,,,,,,,,,
,,,,,,,,,,,,,,
,,,,,,,,,,,,,,
,,,,,,,,,,,,,,
,,,,,,,,,,,,,,
,,,,,,,,,,,,,,
,,,,,,,,,,,,,,
,,,,,,,,,,,,,,
,,,,,,,,,,,,,,
,,,,,,,,,,,,,,
,,,,,,,,,,,,,,
,,,,,,,,,,,,,,
,,,,,,,,,,,,,,
,,,,,,,,,,,,,,
,,,,,,,,,,,,,,
,,,,,,,,,,,,,,
,,,,,,,,,,,,,,
,,,,,,,,,,,,,,
,,,,,,,,,,,,,,
,,,,,,,,,,,,,,
,,,,,,,,,,,,,,
,,,,,,,,,,,,,,
,,,,,,,,,,,,,,
,,,,,,,,,,,,,,
,,,,,,,,,,,,,,
,,,,,,,,,,,,,,
,,,,,,,,,,,,,,
,,,,,,,,,,,,,,
,,,,,,,,,,,,,,
,,,,,,,,,,,,,,
,,,,,,,,,,,,,,
,,,,,,,,,,,,,,
,,,,,,,,,,,,,,
,,,,,,,,,,,,,,
,,,,,,,,,,,,,,
,,,,,,,,,,,,,,
,,,,,,,,,,,,,,
,,,,,,,,,,,,,,
,,,,,,,,,,,,,,
,,,,,,,,,,,,,,
,,,,,,,,,,,,,,
,,,,,,,,,,,,,,
,,,,,,,,,,,,,,
,,,,,,,,,,,,,,
,,,,,,,,,,,,,,
,,,,,,,,,,,,,,
,,,,,,,,,,,,,,
,,,,,,,,,,,,,,
,,,,,,,,,,,,,,
,,,,,,,,,,,,,,
,,,,,,,,,,,,,,
,,,,,,,,,,,,,,
,,,,,,,,,,,,,,
,,,,,,,,,,,,,,
,,,,,,,,,,,,,,
,,,,,,,,,,,,,,
,,,,,,,,,,,,,,
,,,,,,,,,,,,,,
,,,,,,,,,,,,,,
,,,,,,,,,,,,,,
,,,,,,,,,,,,,,
,,,,,,,,,,,,,,
,,,,,,,,,,,,,,
,,,,,,,,,,,,,,
,,,,,,,,,,,,,,
,,,,,,,,,,,,,,
,,,,,,,,,,,,,,
,,,,,,,,,,,,,,
,,,,,,,,,,,,,,
,,,,,,,,,,,,,,
,,,,,,,,,,,,,,
,,,,,,,,,,,,,,
,,,,,,,,,,,,,,
,,,,,,,,,,,,,,
,,,,,,,,,,,,,,
,,,,,,,,,,,,,,
,,,,,,,,,,,,,,
,,,,,,,,,,,,,,
,,,,,,,,,,,,,,
,,,,,,,,,,,,,,
,,,,,,,,,,,,,,
,,,,,,,,,,,,,,
,,,,,,,,,,,,,,
,,,,,,,,,,,,,,
,,,,,,,,,,,,,,
,,,,,,,,,,,,,,
,,,,,,,,,,,,,,
,,,,,,,,,,,,,,
,,,,,,,,,,,,,,
,,,,,,,,,,,,,,
,,,,,,,,,,,,,,
,,,,,,,,,,,,,,
,,,,,,,,,,,,,,
,,,,,,,,,,,,,,
,,,,,,,,,,,,,,
,,,,,,,,,,,,,,
,,,,,,,,,,,,,,
,,,,,,,,,,,,,,
,,,,,,,,,,,,,,
,,,,,,,,,,,,,,
,,,,,,,,,,,,,,
,,,,,,,,,,,,,,
,,,,,,,,,,,,,,
,,,,,,,,,,,,,,
,,,,,,,,,,,,,,
,,,,,,,,,,,,,,
,,,,,,,,,,,,,,
,,,,,,,,,,,,,,
,,,,,,,,,,,,,,
,,,,,,,,,,,,,,
,,,,,,,,,,,,,,
,,,,,,,,,,,,,,
,,,,,,,,,,,,,,
,,,,,,,,,,,,,,
,,,,,,,,,,,,,,
,,,,,,,,,,,,,,
,,,,,,,,,,,,,,
,,,,,,,,,,,,,,
,,,,,,,,,,,,,,
,,,,,,,,,,,,,,
,,,,,,,,,,,,,,
,,,,,,,,,,,,,,
,,,,,,,,,,,,,,
,,,,,,,,,,,,,,
,,,,,,,,,,,,,,
,,,,,,,,,,,,,,
,,,,,,,,,,,,,,
,,,,,,,,,,,,,,
,,,,,,,,,,,,,,
,,,,,,,,,,,,,,
,,,,,,,,,,,,,,
,,,,,,,,,,,,,,
,,,,,,,,,,,,,,
,,,,,,,,,,,,,,
,,,,,,,,,,,,,,
,,,,,,,,,,,,,,
,,,,,,,,,,,,,,
,,,,,,,,,,,,,,
,,,,,,,,,,,,,,
,,,,,,,,,,,,,,
,,,,,,,,,,,,,,
,,,,,,,,,,,,,,
,,,,,,,,,,,,,,
,,,,,,,,,,,,,,
,,,,,,,,,,,,,,
,,,,,,,,,,,,,,
,,,,,,,,,,,,,,
,,,,,,,,,,,,,,
,,,,,,,,,,,,,,
,,,,,,,,,,,,,,
,,,,,,,,,,,,,,
,,,,,,,,,,,,,,
,,,,,,,,,,,,,,
,,,,,,,,,,,,,,
,,,,,,,,,,,,,,
,,,,,,,,,,,,,,
,,,,,,,,,,,,,,
,,,,,,,,,,,,,,
,,,,,,,,,,,,,,
,,,,,,,,,,,,,,
,,,,,,,,,,,,,,
,,,,,,,,,,,,,,
,,,,,,,,,,,,,,
,,,,,,,,,,,,,,
,,,,,,,,,,,,,,
,,,,,,,,,,,,,,
,,,,,,,,,,,,,,
,,,,,,,,,,,,,,
,,,,,,,,,,,,,,
,,,,,,,,,,,,,,
,,,,,,,,,,,,,,
,,,,,,,,,,,,,,
,,,,,,,,,,,,,,
,,,,,,,,,,,,,,
,,,,,,,,,,,,,,
,,,,,,,,,,,,,,
,,,,,,,,,,,,,,
,,,,,,,,,,,,,,
,,,,,,,,,,,,,,
,,,,,,,,,,,,,,
,,,,,,,,,,,,,,
,,,,,,,,,,,,,,
,,,,,,,,,,,,,,
,,,,,,,,,,,,,,
,,,,,,,,,,,,,,
,,,,,,,,,,,,,,
,,,,,,,,,,,,,,
,,,,,,,,,,,,,,
,,,,,,,,,,,,,,
,,,,,,,,,,,,,,
,,,,,,,,,,,,,,
,,,,,,,,,,,,,,
,,,,,,,,,,,,,,
,,,,,,,,,,,,,,
,,,,,,,,,,,,,,
,,,,,,,,,,,,,,
,,,,,,,,,,,,,,
,,,,,,,,,,,,,,
,,,,,,,,,,,,,,
,,,,,,,,,,,,,,
,,,,,,,,,,,,,,
,,,,,,,,,,,,,,
,,,,,,,,,,,,,,
,,,,,,,,,,,,,,
,,,,,,,,,,,,,,
,,,,,,,,,,,,,,
,,,,,,,,,,,,,,
,,,,,,,,,,,,,,
,,,,,,,,,,,,,,
,,,,,,,,,,,,,,
,,,,,,,,,,,,,,
,,,,,,,,,,,,,,
,,,,,,,,,,,,,,
,,,,,,,,,,,,,,
,,,,,,,,,,,,,,
,,,,,,,,,,,,,,
,,,,,,,,,,,,,,
,,,,,,,,,,,,,,
,,,,,,,,,,,,,,
,,,,,,,,,,,,,,
,,,,,,,,,,,,,,
,,,,,,,,,,,,,,
,,,,,,,,,,,,,,
,,,,,,,,,,,,,,
,,,,,,,,,,,,,,
,,,,,,,,,,,,,,
,,,,,,,,,,,,,,
,,,,,,,,,,,,,,
,,,,,,,,,,,,,,
,,,,,,,,,,,,,,
,,,,,,,,,,,,,,
,,,,,,,,,,,,,,
,,,,,,,,,,,,,,
,,,,,,,,,,,,,,
,,,,,,,,,,,,,,
,,,,,,,,,,,,,,
,,,,,,,,,,,,,,
,,,,,,,,,,,,,,
,,,,,,,,,,,,,,
,,,,,,,,,,,,,,
,,,,,,,,,,,,,,
,,,,,,,,,,,,,,
,,,,,,,,,,,,,,
,,,,,,,,,,,,,,
,,,,,,,,,,,,,,
,,,,,,,,,,,,,,
,,,,,,,,,,,,,,
,,,,,,,,,,,,,,
,,,,,,,,,,,,,,
,,,,,,,,,,,,,,
,,,,,,,,,,,,,,
,,,,,,,,,,,,,,
,,,,,,,,,,,,,,
,,,,,,,,,,,,,,
,,,,,,,,,,,,,,
,,,,,,,,,,,,,,
,,,,,,,,,,,,,,
,,,,,,,,,,,,,,
,,,,,,,,,,,,,,
,,,,,,,,,,,,,,
,,,,,,,,,,,,,,
,,,,,,,,,,,,,,
,,,,,,,,,,,,,,
,,,,,,,,,,,,,,
,,,,,,,,,,,,,,
,,,,,,,,,,,,,,
,,,,,,,,,,,,,,
,,,,,,,,,,,,,,
,,,,,,,,,,,,,,
,,,,,,,,,,,,,,
,,,,,,,,,,,,,,
,,,,,,,,,,,,,,
,,,,,,,,,,,,,,
,,,,,,,,,,,,,,
,,,,,,,,,,,,,,
,,,,,,,,,,,,,,
,,,,,,,,,,,,,,
,,,,,,,,,,,,,,
,,,,,,,,,,,,,,
,,,,,,,,,,,,,,
,,,,,,,,,,,,,,
,,,,,,,,,,,,,,
,,,,,,,,,,,,,,
,,,,,,,,,,,,,,
,,,,,,,,,,,,,,
,,,,,,,,,,,,,,
,,,,,,,,,,,,,,
,,,,,,,,,,,,,,
,,,,,,,,,,,,,,
,,,,,,,,,,,,,,
,,,,,,,,,,,,,,
,,,,,,,,,,,,,,
,,,,,,,,,,,,,,
,,,,,,,,,,,,,,
,,,,,,,,,,,,,,
,,,,,,,,,,,,,,
,,,,,,,,,,,,,,
,,,,,,,,,,,,,,
,,,,,,,,,,,,,,
,,,,,,,,,,,,,,
,,,,,,,,,,,,,,
,,,,,,,,,,,,,,
,,,,,,,,,,,,,,
,,,,,,,,,,,,,,
,,,,,,,,,,,,,,
,,,,,,,,,,,,,,
,,,,,,,,,,,,,,
,,,,,,,,,,,,,,
,,,,,,,,,,,,,,
,,,,,,,,,,,,,,
,,,,,,,,,,,,,,
,,,,,,,,,,,,,,
,,,,,,,,,,,,,,
,,,,,,,,,,,,,,
,,,,,,,,,,,,,,
,,,,,,,,,,,,,,
,,,,,,,,,,,,,,
,,,,,,,,,,,,,,
,,,,,,,,,,,,,,
,,,,,,,,,,,,,,
,,,,,,,,,,,,,,
,,,,,,,,,,,,,,
,,,,,,,,,,,,,,
,,,,,,,,,,,,,,
,,,,,,,,,,,,,,
,,,,,,,,,,,,,,
,,,,,,,,,,,,,,
,,,,,,,,,,,,,,
,,,,,,,,,,,,,,
,,,,,,,,,,,,,,
,,,,,,,,,,,,,,
,,,,,,,,,,,,,,
,,,,,,,,,,,,,,
,,,,,,,,,,,,,,
,,,,,,,,,,,,,,
,,,,,,,,,,,,,,
,,,,,,,,,,,,,,
,,,,,,,,,,,,,,
,,,,,,,,,,,,,,
,,,,,,,,,,,,,,
,,,,,,,,,,,,,,
